t,distance_parcourue_m,vitesse_kmh,niveau,n_agents_percus,raison_arret,recommandation
0.05,0.1,5.3,SAFE,7,,Situation maîtrisée
0.10,0.2,7.1,SAFE,7,,Situation maîtrisée
0.15,0.3,8.8,SAFE,7,,Situation maîtrisée
0.20,0.4,10.6,SAFE,7,,Situation maîtrisée
0.25,0.6,12.3,SAFE,7,,Situation maîtrisée
0.30,0.7,14.1,SAFE,7,,Situation maîtrisée
0.35,1.0,15.9,SAFE,7,,Situation maîtrisée
0.40,1.2,17.6,SAFE,7,,Situation maîtrisée
0.45,1.5,19.4,SAFE,7,,Situation maîtrisée
0.50,1.7,21.2,SAFE,7,,Situation maîtrisée
0.55,2.0,22.9,SAFE,7,,Situation maîtrisée
0.60,2.3,16.0,SAFE,7,,Situation maîtrisée
0.65,2.4,0.6,SAFE,7,,Situation maîtrisée
0.70,2.4,0.9,SAFE,7,,Situation maîtrisée
0.75,2.4,0.9,SAFE,7,,Situation maîtrisée
0.80,2.4,0.8,SAFE,7,,Situation maîtrisée
0.85,2.4,3.4,SAFE,7,,Situation maîtrisée
0.90,2.5,5.4,SAFE,7,,Situation maîtrisée
0.95,2.6,7.1,SAFE,7,,Situation maîtrisée
1.00,2.7,8.2,SAFE,7,,Situation maîtrisée
1.05,2.8,9.3,SAFE,7,,Situation maîtrisée
1.10,3.0,10.2,SAFE,7,,Situation maîtrisée
1.15,3.1,11.1,SAFE,7,,Situation maîtrisée
1.20,3.3,11.8,SAFE,7,,Situation maîtrisée
1.25,3.4,12.6,SAFE,7,,Situation maîtrisée
1.30,3.6,13.3,SAFE,7,,Situation maîtrisée
1.35,3.8,13.9,SAFE,7,moteur:physique,Situation maîtrisée
1.40,4.0,14.4,SAFE,7,moteur:physique,Situation maîtrisée
1.45,4.2,14.9,SAFE,7,moteur:physique,Situation maîtrisée
1.50,4.4,15.4,SAFE,7,moteur:physique,Situation maîtrisée
1.55,4.6,15.8,SAFE,8,moteur:physique,Situation maîtrisée
1.60,4.9,16.2,SAFE,8,moteur:physique,Situation maîtrisée
1.65,5.1,16.6,SAFE,8,moteur:physique,Situation maîtrisée
1.70,5.3,16.9,SAFE,8,moteur:physique,Situation maîtrisée
1.75,5.6,17.2,SAFE,8,moteur:physique,Situation maîtrisée
1.80,5.8,17.5,SAFE,8,moteur:physique,Situation maîtrisée
1.85,6.0,17.7,SAFE,8,moteur:physique,Situation maîtrisée
1.90,6.3,17.9,SAFE,8,,Situation maîtrisée
1.95,6.5,18.2,SAFE,8,,Situation maîtrisée
2.00,6.8,18.1,SAFE,8,,Situation maîtrisée
2.05,7.0,18.3,SAFE,8,,Situation maîtrisée
2.10,7.3,17.9,SAFE,8,,Situation maîtrisée
2.15,7.5,18.3,SAFE,8,,Situation maîtrisée
2.20,7.8,17.9,SAFE,8,,Situation maîtrisée
2.25,8.1,18.4,SAFE,8,,Situation maîtrisée
2.30,8.3,18.0,SAFE,8,,Situation maîtrisée
2.35,8.6,18.5,SAFE,7,,Situation maîtrisée
2.40,8.8,18.3,SAFE,7,,Situation maîtrisée
2.45,9.1,18.2,SAFE,7,,Situation maîtrisée
2.50,9.3,18.0,SAFE,7,,Situation maîtrisée
2.55,9.6,18.6,SAFE,7,,Situation maîtrisée
2.60,9.8,18.6,SAFE,7,,Situation maîtrisée
2.65,10.1,18.5,SAFE,7,,Situation maîtrisée
2.70,10.3,18.3,SAFE,7,,Situation maîtrisée
2.75,10.6,18.4,SAFE,7,,Situation maîtrisée
2.80,10.9,18.2,SAFE,7,,Situation maîtrisée
2.85,11.1,18.3,SAFE,7,,Situation maîtrisée
2.90,11.4,18.2,SAFE,7,,Situation maîtrisée
2.95,11.6,18.3,SAFE,7,,Situation maîtrisée
3.00,11.9,18.2,SAFE,7,,Situation maîtrisée
3.05,12.1,18.4,SAFE,7,,Situation maîtrisée
3.10,12.4,18.3,SAFE,7,,Situation maîtrisée
3.15,12.6,18.4,SAFE,7,,Situation maîtrisée
3.20,12.9,18.4,SAFE,7,,Situation maîtrisée
3.25,13.1,18.5,SAFE,7,,Situation maîtrisée
3.30,13.4,18.5,SAFE,7,,Situation maîtrisée
3.35,13.7,18.6,SAFE,7,,Situation maîtrisée
3.40,13.9,18.5,SAFE,7,,Situation maîtrisée
3.45,14.2,18.7,SAFE,7,,Situation maîtrisée
3.50,14.4,18.6,SAFE,7,,Situation maîtrisée
3.55,14.7,18.7,SAFE,7,,Situation maîtrisée
3.60,15.0,18.7,SAFE,7,,Situation maîtrisée
3.65,15.2,18.8,SAFE,7,,Situation maîtrisée
3.70,15.5,18.7,SAFE,7,moteur:physique,Situation maîtrisée
3.75,15.7,18.8,SAFE,7,moteur:physique,Situation maîtrisée
3.80,16.0,18.8,SAFE,7,moteur:physique,Situation maîtrisée
3.85,16.3,18.9,SAFE,7,moteur:physique,Situation maîtrisée
3.90,16.5,18.8,SAFE,7,moteur:physique,Situation maîtrisée
3.95,16.8,18.9,SAFE,7,moteur:physique,Situation maîtrisée
4.00,17.0,18.9,SAFE,7,moteur:physique,Situation maîtrisée
4.05,17.3,19.0,SAFE,7,moteur:physique,Situation maîtrisée
4.10,17.6,18.9,SAFE,7,,Situation maîtrisée
4.15,17.8,19.0,SAFE,7,,Situation maîtrisée
4.20,18.1,19.0,SAFE,7,,Situation maîtrisée
4.25,18.4,19.1,SAFE,7,,Situation maîtrisée
4.30,18.6,19.0,SAFE,7,,Situation maîtrisée
4.35,18.9,19.1,SAFE,7,,Situation maîtrisée
4.40,19.2,19.0,SAFE,7,,Situation maîtrisée
4.45,19.4,19.1,SAFE,6,,Situation maîtrisée
4.50,19.7,19.0,SAFE,6,,Situation maîtrisée
4.55,19.9,19.1,SAFE,6,,Situation maîtrisée
4.60,20.2,19.1,SAFE,6,,Situation maîtrisée
4.65,20.5,19.2,SAFE,6,,Situation maîtrisée
4.70,20.7,19.1,SAFE,5,,Situation maîtrisée
4.75,21.0,19.2,SAFE,5,,Situation maîtrisée
4.80,21.3,19.1,SAFE,5,,Situation maîtrisée
4.85,21.5,19.2,SAFE,5,,Situation maîtrisée
4.90,21.8,19.2,SAFE,5,,Situation maîtrisée
4.95,22.1,19.2,SAFE,5,,Situation maîtrisée
5.00,22.3,19.2,SAFE,5,,Situation maîtrisée
5.05,22.6,19.3,SAFE,5,,Situation maîtrisée
5.10,22.9,19.2,SAFE,5,,Situation maîtrisée
5.15,23.1,19.3,SAFE,5,,Situation maîtrisée
5.20,23.4,19.2,SAFE,5,,Situation maîtrisée
5.25,23.7,19.3,SAFE,5,moteur:physique,Situation maîtrisée
5.30,23.9,19.2,SAFE,5,moteur:physique,Situation maîtrisée
5.35,24.2,19.3,SAFE,5,moteur:physique,Situation maîtrisée
5.40,24.5,19.3,SAFE,5,moteur:physique,Situation maîtrisée
5.45,24.7,19.4,SAFE,5,moteur:physique,Situation maîtrisée
5.50,25.0,19.3,SAFE,5,moteur:physique,Situation maîtrisée
5.55,25.3,19.4,SAFE,5,moteur:physique,Situation maîtrisée
5.60,25.5,19.3,SAFE,5,moteur:physique,Situation maîtrisée
5.65,25.8,19.4,SAFE,5,moteur:physique,Situation maîtrisée
5.70,26.1,19.3,SAFE,5,moteur:physique,Situation maîtrisée
5.75,26.4,19.4,SAFE,5,moteur:physique,Situation maîtrisée
5.80,26.6,19.3,SAFE,5,moteur:physique,Situation maîtrisée
5.85,26.9,19.4,SAFE,5,moteur:physique,Situation maîtrisée
5.90,27.2,19.4,SAFE,5,moteur:physique,Situation maîtrisée
5.95,27.4,19.5,SAFE,5,moteur:physique,Situation maîtrisée
6.00,27.7,19.4,SAFE,5,moteur:physique,Situation maîtrisée
6.05,28.0,19.5,SAFE,5,moteur:physique,Situation maîtrisée
6.10,28.2,19.4,SAFE,5,moteur:physique,Situation maîtrisée
6.15,28.5,19.5,SAFE,5,moteur:physique,Situation maîtrisée
6.20,28.8,19.4,SAFE,4,moteur:physique,Situation maîtrisée
6.25,29.1,19.5,SAFE,4,moteur:physique,Situation maîtrisée
6.30,29.3,19.5,SAFE,4,moteur:physique,Situation maîtrisée
6.35,29.6,19.6,SAFE,4,moteur:physique,Situation maîtrisée
6.40,29.9,19.5,SAFE,4,moteur:physique,Situation maîtrisée
6.45,30.1,19.6,SAFE,4,moteur:physique,Situation maîtrisée
6.50,30.4,19.5,SAFE,4,moteur:physique,Situation maîtrisée
6.55,30.7,19.6,SAFE,4,moteur:physique,Situation maîtrisée
6.60,31.0,19.5,SAFE,4,moteur:physique,Situation maîtrisée
6.65,31.2,19.6,SAFE,4,moteur:physique,Situation maîtrisée
6.70,31.5,19.5,SAFE,4,moteur:physique,Situation maîtrisée
6.75,31.8,19.6,SAFE,4,moteur:physique,Situation maîtrisée
6.80,32.0,19.6,SAFE,4,moteur:physique,Situation maîtrisée
6.85,32.3,19.7,SAFE,4,moteur:physique,Situation maîtrisée
6.90,32.6,19.6,SAFE,3,moteur:physique,Situation maîtrisée
6.95,32.9,19.7,SAFE,3,moteur:physique,Situation maîtrisée
7.00,33.1,19.6,SAFE,2,moteur:physique,Situation maîtrisée
7.05,33.4,19.7,SAFE,2,moteur:physique,Situation maîtrisée
7.10,33.7,19.6,SAFE,2,moteur:physique,Situation maîtrisée
7.15,33.9,19.7,SAFE,2,moteur:physique,Situation maîtrisée
7.20,34.2,19.6,SAFE,2,moteur:physique,Situation maîtrisée
7.25,34.5,19.7,SAFE,2,moteur:physique,Situation maîtrisée
7.30,34.8,19.7,SAFE,2,moteur:physique,Situation maîtrisée
7.35,35.0,19.8,SAFE,2,moteur:physique,Situation maîtrisée
7.40,35.3,19.7,SAFE,2,moteur:physique,Situation maîtrisée
7.45,35.6,19.8,SAFE,2,moteur:physique,Situation maîtrisée
7.50,35.9,19.7,SAFE,2,moteur:physique,Situation maîtrisée
7.55,36.1,19.8,SAFE,2,moteur:physique,Situation maîtrisée
7.60,36.4,19.7,SAFE,2,moteur:physique,Situation maîtrisée
7.65,36.7,19.8,SAFE,2,moteur:physique,Situation maîtrisée
7.70,37.0,19.8,SAFE,2,moteur:physique,Situation maîtrisée
7.75,37.2,19.9,SAFE,2,moteur:physique,Situation maîtrisée
7.80,37.5,19.8,SAFE,2,moteur:physique,Situation maîtrisée
7.85,37.8,19.9,SAFE,2,moteur:physique,Situation maîtrisée
7.90,38.1,19.8,SAFE,2,moteur:physique,Situation maîtrisée
7.95,38.3,19.9,SAFE,2,moteur:physique,Situation maîtrisée
8.00,38.6,19.8,SAFE,2,moteur:physique,Situation maîtrisée
8.05,38.9,19.9,SAFE,2,moteur:physique,Situation maîtrisée
8.10,39.2,19.8,SAFE,2,moteur:physique,Situation maîtrisée
8.15,39.4,19.9,SAFE,2,moteur:physique,Situation maîtrisée
8.20,39.7,19.9,SAFE,2,moteur:physique,Situation maîtrisée
8.25,40.0,20.0,SAFE,2,moteur:physique,Situation maîtrisée
8.30,40.3,19.9,SAFE,2,moteur:physique,Situation maîtrisée
8.35,40.5,20.0,SAFE,2,moteur:physique,Situation maîtrisée
8.40,40.8,19.9,SAFE,3,moteur:physique,Situation maîtrisée
8.45,41.1,20.0,SAFE,3,moteur:physique,Situation maîtrisée
8.50,41.4,19.9,SAFE,3,moteur:physique,Situation maîtrisée
8.55,41.7,20.0,SAFE,3,moteur:physique,Situation maîtrisée
8.60,41.9,19.9,SAFE,3,moteur:physique,Situation maîtrisée
8.65,42.2,20.0,SAFE,3,moteur:physique,Situation maîtrisée
8.70,42.5,20.0,SAFE,3,moteur:physique,Situation maîtrisée
8.75,42.8,20.1,SAFE,3,moteur:physique,Situation maîtrisée
8.80,43.0,20.0,SAFE,3,moteur:physique,Situation maîtrisée
8.85,43.3,20.1,SAFE,3,,Situation maîtrisée
8.90,43.6,20.0,SAFE,3,,Situation maîtrisée
8.95,43.9,20.1,SAFE,3,,Situation maîtrisée
9.00,44.2,20.0,SAFE,3,,Situation maîtrisée
9.05,44.4,20.1,SAFE,3,,Situation maîtrisée
9.10,44.7,20.0,SAFE,4,,Situation maîtrisée
9.15,45.0,20.1,SAFE,4,,Situation maîtrisée
9.20,45.3,20.1,SAFE,4,,Situation maîtrisée
9.25,45.6,20.1,SAFE,5,,Situation maîtrisée
9.30,45.8,20.1,SAFE,5,,Situation maîtrisée
9.35,46.1,20.2,SAFE,5,,Situation maîtrisée
9.40,46.4,20.1,SAFE,5,,Situation maîtrisée
9.45,46.7,20.2,SAFE,5,,Situation maîtrisée
9.50,46.9,20.1,SAFE,5,,Situation maîtrisée
9.55,47.2,20.2,SAFE,5,,Situation maîtrisée
9.60,47.5,20.1,SAFE,5,,Situation maîtrisée
9.65,47.8,20.2,SAFE,5,,Situation maîtrisée
9.70,48.1,20.1,SAFE,5,,Situation maîtrisée
9.75,48.3,20.2,SAFE,5,,Situation maîtrisée
9.80,48.6,20.1,SAFE,5,,Situation maîtrisée
9.85,48.9,20.2,SAFE,5,,Situation maîtrisée
9.90,49.2,20.1,SAFE,5,,Situation maîtrisée
9.95,49.5,20.2,SAFE,5,,Situation maîtrisée
10.00,49.7,20.1,SAFE,5,,Situation maîtrisée
10.05,50.0,20.2,SAFE,5,,Situation maîtrisée
10.10,50.3,20.1,SAFE,5,,Situation maîtrisée
10.15,50.6,20.2,SAFE,5,,Situation maîtrisée
10.20,50.9,20.1,SAFE,5,,Situation maîtrisée
10.25,51.1,20.2,SAFE,5,,Situation maîtrisée
10.30,51.4,20.1,SAFE,5,,Situation maîtrisée
10.35,51.7,20.2,SAFE,5,,Situation maîtrisée
10.40,52.0,20.2,SAFE,6,,Situation maîtrisée
10.45,52.3,20.2,SAFE,6,,Situation maîtrisée
10.50,52.6,20.2,SAFE,6,,Situation maîtrisée
10.55,52.8,20.2,SAFE,6,,Situation maîtrisée
10.60,53.1,20.2,SAFE,6,,Situation maîtrisée
10.65,53.4,20.2,SAFE,6,,Situation maîtrisée
10.70,53.7,20.2,SAFE,6,,Situation maîtrisée
10.75,54.0,20.2,SAFE,6,,Situation maîtrisée
10.80,54.2,20.2,SAFE,6,,Situation maîtrisée
10.85,54.5,20.2,SAFE,6,,Situation maîtrisée
10.90,54.8,20.2,SAFE,6,,Situation maîtrisée
10.95,55.1,20.2,SAFE,6,,Situation maîtrisée
11.00,55.4,20.2,SAFE,6,,Situation maîtrisée
11.05,55.6,20.2,SAFE,8,,Situation maîtrisée
11.10,55.9,20.2,SAFE,8,,Situation maîtrisée
11.15,56.2,20.2,SAFE,8,,Situation maîtrisée
11.20,56.5,20.2,SAFE,8,,Situation maîtrisée
11.25,56.8,20.2,SAFE,8,,Situation maîtrisée
11.30,57.0,20.2,SAFE,8,,Situation maîtrisée
11.35,57.3,20.2,SAFE,8,,Situation maîtrisée
11.40,57.6,20.2,SAFE,8,,Situation maîtrisée
11.45,57.9,20.2,SAFE,8,,Situation maîtrisée
11.50,58.2,20.2,SAFE,8,,Situation maîtrisée
11.55,58.4,20.2,SAFE,8,,Situation maîtrisée
11.60,58.7,20.2,SAFE,8,,Situation maîtrisée
11.65,59.0,20.2,SAFE,8,,Situation maîtrisée
11.70,59.3,20.2,SAFE,8,,Situation maîtrisée
11.75,59.6,20.2,SAFE,8,,Situation maîtrisée
11.80,59.8,20.2,SAFE,8,,Situation maîtrisée
11.85,60.1,20.2,SAFE,9,,Situation maîtrisée
11.90,60.4,20.2,SAFE,9,,Situation maîtrisée
11.95,60.7,20.2,SAFE,9,,Situation maîtrisée
12.00,61.0,20.2,SAFE,9,,Situation maîtrisée
12.05,61.2,20.2,SAFE,9,,Situation maîtrisée
12.10,61.5,20.2,SAFE,9,,Situation maîtrisée
12.15,61.8,20.2,SAFE,9,,Situation maîtrisée
12.20,62.1,20.2,SAFE,9,,Situation maîtrisée
12.25,62.4,20.2,SAFE,9,,Situation maîtrisée
12.30,62.7,20.2,SAFE,9,,Situation maîtrisée
12.35,62.9,20.2,SAFE,9,,Situation maîtrisée
12.40,63.2,20.3,SAFE,9,,Situation maîtrisée
12.45,63.5,20.3,SAFE,9,,Situation maîtrisée
12.50,63.8,20.3,SAFE,9,,Situation maîtrisée
12.55,64.1,20.4,SAFE,9,,Situation maîtrisée
12.60,64.3,20.4,SAFE,9,,Situation maîtrisée
12.65,64.6,20.4,SAFE,9,,Situation maîtrisée
12.70,64.9,20.3,SAFE,9,,Situation maîtrisée
12.75,65.2,20.3,SAFE,9,,Situation maîtrisée
12.80,65.5,20.2,SAFE,9,,Situation maîtrisée
12.85,65.8,20.3,SAFE,9,,Situation maîtrisée
12.90,66.0,20.2,SAFE,10,,Situation maîtrisée
12.95,66.3,20.4,SAFE,10,,Situation maîtrisée
13.00,66.6,20.3,SAFE,10,,Situation maîtrisée
13.05,66.9,20.4,SAFE,10,,Situation maîtrisée
13.10,67.2,20.3,SAFE,10,,Situation maîtrisée
13.15,67.4,20.7,SAFE,10,,Situation maîtrisée
13.20,67.7,20.4,SAFE,10,,Situation maîtrisée
13.25,68.0,20.9,SAFE,10,,Situation maîtrisée
13.30,68.3,20.5,SAFE,10,,Situation maîtrisée
13.35,68.6,21.1,SAFE,10,,Situation maîtrisée
13.40,68.9,20.7,SAFE,10,,Situation maîtrisée
13.45,69.2,21.1,SAFE,10,,Situation maîtrisée
13.50,69.5,20.6,SAFE,10,,Situation maîtrisée
13.55,69.8,21.1,SAFE,10,,Situation maîtrisée
13.60,70.0,20.7,SAFE,10,,Situation maîtrisée
13.65,70.3,21.1,SAFE,10,,Situation maîtrisée
13.70,70.6,20.6,SAFE,10,,Situation maîtrisée
13.75,70.9,21.1,SAFE,10,,Situation maîtrisée
13.80,71.2,20.7,SAFE,10,,Situation maîtrisée
13.85,71.5,21.0,SAFE,10,,Situation maîtrisée
13.90,71.8,20.5,SAFE,10,,Situation maîtrisée
13.95,72.1,21.0,SAFE,10,,Situation maîtrisée
14.00,72.4,20.6,SAFE,10,,Situation maîtrisée
14.05,72.6,21.0,SAFE,10,,Situation maîtrisée
14.10,72.9,20.5,SAFE,10,,Situation maîtrisée
14.15,73.2,21.0,SAFE,10,,Situation maîtrisée
14.20,73.5,20.6,SAFE,10,,Situation maîtrisée
14.25,73.8,20.9,SAFE,10,moteur:physique,Situation maîtrisée
14.30,74.1,20.4,SAFE,10,moteur:physique,Situation maîtrisée
14.35,74.4,20.9,SAFE,10,moteur:physique,Situation maîtrisée
14.40,74.7,20.5,SAFE,10,moteur:physique,Situation maîtrisée
14.45,74.9,20.9,SAFE,10,moteur:physique,Situation maîtrisée
14.50,75.2,20.4,SAFE,10,moteur:physique,Situation maîtrisée
14.55,75.5,20.9,SAFE,10,moteur:physique,Situation maîtrisée
14.60,75.8,20.5,SAFE,10,,Situation maîtrisée
14.65,76.1,20.8,SAFE,10,,Situation maîtrisée
14.70,76.4,20.3,SAFE,10,,Situation maîtrisée
14.75,76.7,20.8,SAFE,10,,Situation maîtrisée
14.80,77.0,20.4,SAFE,11,,Situation maîtrisée
14.85,77.2,20.8,SAFE,11,,Situation maîtrisée
14.90,77.5,20.3,SAFE,11,,Situation maîtrisée
14.95,77.8,20.8,SAFE,11,,Situation maîtrisée
15.00,78.1,20.4,SAFE,10,,Situation maîtrisée
15.05,78.4,20.8,SAFE,10,,Situation maîtrisée
15.10,78.7,20.3,SAFE,10,,Situation maîtrisée
15.15,79.0,20.8,SAFE,10,,Situation maîtrisée
15.20,79.2,20.4,SAFE,10,,Situation maîtrisée
15.25,79.5,20.7,SAFE,10,feu_rouge,SAFE : arret au feu rouge
15.30,79.8,20.2,SAFE,10,feu_rouge,SAFE : arret au feu rouge
15.35,80.1,20.3,SAFE,10,feu_rouge,SAFE : arret au feu rouge
15.40,80.4,19.2,SAFE,10,feu_rouge,SAFE : arret au feu rouge
15.45,80.6,16.6,SAFE,10,feu_rouge,SAFE : arret au feu rouge
15.50,80.8,11.7,SAFE,10,feu_rouge,SAFE : arret au feu rouge
15.55,80.9,6.9,SAFE,10,feu_rouge,SAFE : arret au feu rouge
15.60,81.0,2.2,SAFE,10,feu_rouge,SAFE : arret au feu rouge
15.65,81.0,0.0,SAFE,10,feu_rouge,SAFE : arret au feu rouge
15.70,81.0,0.0,SAFE,10,feu_rouge,SAFE : arret au feu rouge
15.75,81.0,0.0,SAFE,10,feu_rouge,SAFE : arret au feu rouge
15.80,81.0,0.3,SAFE,10,feu_rouge,SAFE : arret au feu rouge
15.85,81.0,0.6,SAFE,11,feu_rouge,SAFE : arret au feu rouge
15.90,81.0,0.7,SAFE,11,feu_rouge,SAFE : arret au feu rouge
15.95,81.0,0.7,SAFE,11,feu_rouge,SAFE : arret au feu rouge
16.00,81.0,0.8,DANGER,11,feu_rouge,Vigilance — situation à la limite
16.05,81.0,0.0,SAFE,11,feu_rouge,SAFE : arret au feu rouge
16.10,81.0,0.0,SAFE,11,feu_rouge,SAFE : arret au feu rouge
16.15,81.0,0.1,SAFE,11,feu_rouge,SAFE : arret au feu rouge
16.20,81.0,0.1,SAFE,10,feu_rouge,SAFE : arret au feu rouge
16.25,81.0,0.1,CRITICAL,10,feu_rouge,Vigilance — situation à la limite
16.30,81.0,0.0,CRITICAL,10,feu_rouge,Vigilance — situation à la limite
16.35,81.0,0.0,CRITICAL,10,feu_rouge,Vigilance — situation à la limite
16.40,81.0,0.0,CRITICAL,10,feu_rouge,Vigilance — situation à la limite
16.45,81.0,0.0,CRITICAL,10,feu_rouge,Vigilance — situation à la limite
16.50,81.0,0.0,CRITICAL,10,feu_rouge,Vigilance — situation à la limite
16.55,81.0,0.1,CRITICAL,10,feu_rouge,Vigilance — situation à la limite
16.60,81.0,0.1,CRITICAL,10,feu_rouge,Vigilance — situation à la limite
16.65,81.0,0.1,CRITICAL,10,feu_rouge,Vigilance — situation à la limite
16.70,81.0,0.1,CRITICAL,9,feu_rouge,Vigilance — situation à la limite
16.75,81.1,0.1,CRITICAL,9,feu_rouge,Vigilance — situation à la limite
16.80,81.1,0.1,CRITICAL,9,feu_rouge,Vigilance — situation à la limite
16.85,81.1,0.1,CRITICAL,9,feu_rouge,Vigilance — situation à la limite
16.90,81.1,0.0,SAFE,9,feu_rouge,SAFE : arret au feu rouge
16.95,81.1,0.1,SAFE,9,feu_rouge,SAFE : arret au feu rouge
17.00,81.1,0.0,SAFE,9,feu_rouge,SAFE : arret au feu rouge
17.05,81.1,1.0,SAFE,9,feu_rouge,SAFE : arret au feu rouge
17.10,81.1,1.5,SAFE,9,feu_rouge,SAFE : arret au feu rouge
17.15,81.1,0.0,SAFE,9,feu_rouge,SAFE : arret au feu rouge
17.20,81.1,0.1,SAFE,9,feu_rouge,SAFE : arret au feu rouge
17.25,81.1,0.5,SAFE,9,feu_rouge,SAFE : arret au feu rouge
17.30,81.1,0.0,SAFE,9,feu_rouge,SAFE : arret au feu rouge
17.35,81.1,0.4,SAFE,9,feu_rouge,SAFE : arret au feu rouge
17.40,81.1,0.0,SAFE,9,feu_rouge,SAFE : arret au feu rouge
17.45,81.1,0.3,SAFE,9,feu_rouge,SAFE : arret au feu rouge
17.50,81.1,0.5,SAFE,9,feu_rouge,SAFE : arret au feu rouge
17.55,81.1,0.7,SAFE,9,feu_rouge,SAFE : arret au feu rouge
17.60,81.1,0.8,SAFE,9,feu_rouge,SAFE : arret au feu rouge
17.65,81.1,0.9,SAFE,9,feu_rouge,SAFE : arret au feu rouge
17.70,81.2,1.0,SAFE,9,feu_rouge,SAFE : arret au feu rouge
17.75,81.2,1.1,SAFE,9,feu_rouge,SAFE : arret au feu rouge
17.80,81.2,0.0,SAFE,9,feu_rouge,SAFE : arret au feu rouge
17.85,81.2,0.1,SAFE,9,feu_rouge,SAFE : arret au feu rouge
17.90,81.2,0.4,SAFE,9,feu_rouge,SAFE : arret au feu rouge
17.95,81.2,0.6,SAFE,9,feu_rouge,SAFE : arret au feu rouge
18.00,81.2,0.8,SAFE,9,feu_rouge,SAFE : arret au feu rouge
18.05,81.2,1.0,SAFE,9,feu_rouge,SAFE : arret au feu rouge
18.10,81.2,1.1,SAFE,9,feu_rouge,SAFE : arret au feu rouge
18.15,81.2,0.0,SAFE,9,feu_rouge,SAFE : arret au feu rouge
18.20,81.2,0.1,SAFE,9,feu_rouge,SAFE : arret au feu rouge
18.25,81.2,0.4,SAFE,9,feu_rouge,SAFE : arret au feu rouge
18.30,81.2,0.5,SAFE,9,feu_rouge,SAFE : arret au feu rouge
18.35,81.2,0.8,SAFE,9,feu_rouge,SAFE : arret au feu rouge
18.40,81.3,0.9,SAFE,9,feu_rouge,SAFE : arret au feu rouge
18.45,81.3,1.1,SAFE,9,feu_rouge,SAFE : arret au feu rouge
18.50,81.3,0.0,SAFE,9,feu_rouge,SAFE : arret au feu rouge
18.55,81.3,0.2,SAFE,9,feu_rouge,SAFE : arret au feu rouge
18.60,81.3,0.8,SAFE,9,feu_rouge,SAFE : arret au feu rouge
18.65,81.3,1.0,SAFE,9,feu_rouge,SAFE : arret au feu rouge
18.70,81.3,1.1,SAFE,9,feu_rouge,SAFE : arret au feu rouge
18.75,81.3,0.0,SAFE,9,feu_rouge,SAFE : arret au feu rouge
18.80,81.3,0.1,SAFE,9,feu_rouge,SAFE : arret au feu rouge
18.85,81.3,0.6,SAFE,9,feu_rouge,SAFE : arret au feu rouge
18.90,81.3,0.8,SAFE,9,feu_rouge,SAFE : arret au feu rouge
18.95,81.3,1.0,SAFE,9,feu_rouge,SAFE : arret au feu rouge
19.00,81.4,1.1,SAFE,9,feu_rouge,SAFE : arret au feu rouge
19.05,81.4,0.0,SAFE,9,feu_rouge,SAFE : arret au feu rouge
19.10,81.4,0.1,SAFE,9,feu_rouge,SAFE : arret au feu rouge
19.15,81.4,0.5,SAFE,9,feu_rouge,SAFE : arret au feu rouge
19.20,81.4,0.8,SAFE,9,feu_rouge,SAFE : arret au feu rouge
19.25,81.4,1.0,SAFE,9,feu_rouge,SAFE : arret au feu rouge
19.30,81.4,1.1,SAFE,9,feu_rouge,SAFE : arret au feu rouge
19.35,81.4,0.0,SAFE,9,feu_rouge,SAFE : arret au feu rouge
19.40,81.4,0.1,SAFE,9,feu_rouge,SAFE : arret au feu rouge
19.45,81.4,0.5,SAFE,9,feu_rouge,SAFE : arret au feu rouge
19.50,81.4,0.8,DANGER,9,feu_rouge,Vigilance — situation à la limite
19.55,81.4,0.0,CRITICAL,9,feu_rouge,Vigilance — situation à la limite
19.60,81.4,0.0,CRITICAL,9,feu_rouge,Vigilance — situation à la limite
19.65,81.4,0.0,CRITICAL,9,feu_rouge,Vigilance — situation à la limite
19.70,81.4,0.0,CRITICAL,9,feu_rouge,Vigilance — situation à la limite
19.75,81.4,0.0,CRITICAL,9,feu_rouge,Vigilance — situation à la limite
19.80,81.4,0.0,CRITICAL,9,feu_rouge,Vigilance — situation à la limite
19.85,81.4,0.0,CRITICAL,9,feu_rouge,Vigilance — situation à la limite
19.90,81.4,0.0,CRITICAL,9,feu_rouge,FREINEZ — conflit non évitable par la seule vitesse
19.95,81.4,0.0,WATCH,9,feu_rouge,FREINEZ — conflit non évitable par la seule vitesse
20.00,81.4,0.0,WATCH,9,feu_rouge,FREINEZ — conflit non évitable par la seule vitesse
20.05,81.4,0.0,SAFE,9,feu_rouge,SAFE : arret au feu rouge
20.10,81.4,0.0,SAFE,9,feu_rouge,SAFE : arret au feu rouge
20.15,81.4,0.2,SAFE,9,feu_rouge,SAFE : arret au feu rouge
20.20,81.4,0.3,SAFE,9,feu_rouge,SAFE : arret au feu rouge
20.25,81.4,0.3,SAFE,9,feu_rouge,SAFE : arret au feu rouge
20.30,81.4,0.5,SAFE,9,feu_rouge,SAFE : arret au feu rouge
20.35,81.4,0.5,SAFE,9,feu_rouge,SAFE : arret au feu rouge
20.40,81.5,0.6,SAFE,9,feu_rouge,SAFE : arret au feu rouge
20.45,81.5,0.7,CRITICAL,9,feu_rouge,Vigilance — situation à la limite
20.50,81.5,0.0,SAFE,9,feu_rouge,SAFE : arret au feu rouge
20.55,81.5,0.0,WATCH,9,feu_rouge,Vigilance — situation à la limite
20.60,81.5,0.0,SAFE,9,feu_rouge,SAFE : arret au feu rouge
20.65,81.5,0.1,CRITICAL,9,feu_rouge,Vigilance — situation à la limite
20.70,81.5,0.0,SAFE,9,feu_rouge,SAFE : arret au feu rouge
20.75,81.5,0.0,CRITICAL,9,feu_rouge,Vigilance — situation à la limite
20.80,81.5,0.0,SAFE,9,feu_rouge,SAFE : arret au feu rouge
20.85,81.5,0.0,SAFE,9,feu_rouge,SAFE : arret au feu rouge
20.90,81.5,0.0,SAFE,9,feu_rouge,SAFE : arret au feu rouge
20.95,81.5,0.0,CRITICAL,9,feu_rouge,Vigilance — situation à la limite
21.00,81.5,0.0,CRITICAL,9,feu_rouge,Vigilance — situation à la limite
21.05,81.5,0.0,CRITICAL,9,feu_rouge,Vigilance — situation à la limite
21.10,81.5,0.0,CRITICAL,9,feu_rouge,Vigilance — situation à la limite
21.15,81.5,0.0,CRITICAL,9,feu_rouge,Vigilance — situation à la limite
21.20,81.5,0.0,CRITICAL,9,feu_rouge,Vigilance — situation à la limite
21.25,81.5,0.0,CRITICAL,9,feu_rouge,Vigilance — situation à la limite
21.30,81.5,0.0,CRITICAL,9,feu_rouge,Vigilance — situation à la limite
21.35,81.5,0.0,CRITICAL,9,feu_rouge,Vigilance — situation à la limite
21.40,81.5,0.0,CRITICAL,9,feu_rouge,Vigilance — situation à la limite
21.45,81.5,0.0,CRITICAL,9,feu_rouge,Vigilance — situation à la limite
21.50,81.5,0.0,CRITICAL,9,feu_rouge,Vigilance — situation à la limite
21.55,81.5,0.0,CRITICAL,9,feu_rouge,Vigilance — situation à la limite
21.60,81.5,0.0,CRITICAL,9,feu_rouge,Vigilance — situation à la limite
21.65,81.5,0.0,CRITICAL,9,feu_rouge,Vigilance — situation à la limite
21.70,81.5,0.0,CRITICAL,9,feu_rouge,Vigilance — situation à la limite
21.75,81.5,0.0,CRITICAL,9,feu_rouge,Vigilance — situation à la limite
21.80,81.5,0.0,CRITICAL,9,feu_rouge,Vigilance — situation à la limite
21.85,81.5,0.0,CRITICAL,9,feu_rouge,Vigilance — situation à la limite
21.90,81.5,0.0,CRITICAL,10,feu_rouge,Vigilance — situation à la limite
21.95,81.5,0.0,CRITICAL,10,feu_rouge,Vigilance — situation à la limite
22.00,81.5,0.0,CRITICAL,10,feu_rouge,Vigilance — situation à la limite
22.05,81.5,0.0,CRITICAL,10,feu_rouge,Vigilance — situation à la limite
22.10,81.5,0.0,CRITICAL,10,feu_rouge,Vigilance — situation à la limite
22.15,81.5,0.0,CRITICAL,10,feu_rouge,Vigilance — situation à la limite
22.20,81.5,0.0,CRITICAL,10,feu_rouge,Vigilance — situation à la limite
22.25,81.5,0.0,CRITICAL,10,feu_rouge,Vigilance — situation à la limite
22.30,81.5,0.0,CRITICAL,10,feu_rouge,Vigilance — situation à la limite
22.35,81.5,0.0,CRITICAL,10,feu_rouge,Vigilance — situation à la limite
22.40,81.5,0.0,SAFE,10,feu_rouge,SAFE : arret au feu rouge
22.45,81.5,0.0,SAFE,10,feu_rouge,SAFE : arret au feu rouge
22.50,81.5,0.0,SAFE,9,feu_rouge,SAFE : arret au feu rouge
22.55,81.5,0.0,SAFE,9,feu_rouge,SAFE : arret au feu rouge
22.60,81.5,0.0,SAFE,9,feu_rouge,SAFE : arret au feu rouge
22.65,81.5,0.0,SAFE,9,feu_rouge,SAFE : arret au feu rouge
22.70,81.5,0.0,SAFE,9,feu_rouge,SAFE : arret au feu rouge
22.75,81.5,0.0,SAFE,9,feu_rouge,SAFE : arret au feu rouge
22.80,81.5,0.0,SAFE,9,feu_rouge,SAFE : arret au feu rouge
22.85,81.5,0.0,SAFE,9,feu_rouge,SAFE : arret au feu rouge
22.90,81.5,0.0,SAFE,9,feu_rouge,SAFE : arret au feu rouge
22.95,81.5,0.0,SAFE,9,feu_rouge,SAFE : arret au feu rouge
23.00,81.5,0.0,SAFE,9,feu_rouge,SAFE : arret au feu rouge
23.05,81.5,0.0,SAFE,9,feu_rouge,SAFE : arret au feu rouge
23.10,81.5,0.0,SAFE,10,feu_rouge,SAFE : arret au feu rouge
23.15,81.5,0.0,SAFE,10,feu_rouge,SAFE : arret au feu rouge
23.20,81.5,0.0,SAFE,10,feu_rouge,SAFE : arret au feu rouge
23.25,81.5,0.0,SAFE,10,feu_rouge,SAFE : arret au feu rouge
23.30,81.5,0.0,SAFE,10,feu_rouge,SAFE : arret au feu rouge
23.35,81.5,0.0,SAFE,10,feu_rouge,SAFE : arret au feu rouge
23.40,81.5,0.0,SAFE,10,feu_rouge,SAFE : arret au feu rouge
23.45,81.5,0.0,SAFE,10,feu_rouge,SAFE : arret au feu rouge
23.50,81.5,0.0,SAFE,10,feu_rouge,SAFE : arret au feu rouge
23.55,81.5,0.0,SAFE,10,feu_rouge,SAFE : arret au feu rouge
23.60,81.5,0.0,SAFE,10,feu_rouge,SAFE : arret au feu rouge
23.65,81.5,0.0,SAFE,10,feu_rouge,SAFE : arret au feu rouge
23.70,81.5,0.0,SAFE,10,feu_rouge,SAFE : arret au feu rouge
23.75,81.5,0.0,SAFE,10,feu_rouge,SAFE : arret au feu rouge
23.80,81.5,0.0,SAFE,10,feu_rouge,SAFE : arret au feu rouge
23.85,81.5,0.0,SAFE,10,feu_rouge,SAFE : arret au feu rouge
23.90,81.5,0.0,SAFE,10,feu_rouge,SAFE : arret au feu rouge
23.95,81.5,0.0,SAFE,10,feu_rouge,SAFE : arret au feu rouge
24.00,81.5,0.0,SAFE,10,feu_rouge,SAFE : arret au feu rouge
24.05,81.5,0.0,SAFE,10,feu_rouge,SAFE : arret au feu rouge
24.10,81.5,0.0,SAFE,10,feu_rouge,SAFE : arret au feu rouge
24.15,81.5,0.0,SAFE,10,feu_rouge,SAFE : arret au feu rouge
24.20,81.5,0.0,SAFE,10,feu_rouge,SAFE : arret au feu rouge
24.25,81.5,0.0,SAFE,10,feu_rouge,SAFE : arret au feu rouge
24.30,81.5,0.0,SAFE,10,feu_rouge,SAFE : arret au feu rouge
24.35,81.5,0.0,SAFE,10,feu_rouge,SAFE : arret au feu rouge
24.40,81.5,0.0,SAFE,10,feu_rouge,SAFE : arret au feu rouge
24.45,81.5,0.0,SAFE,10,feu_rouge,SAFE : arret au feu rouge
24.50,81.5,0.0,SAFE,10,feu_rouge,SAFE : arret au feu rouge
24.55,81.5,0.0,SAFE,10,feu_rouge,SAFE : arret au feu rouge
24.60,81.5,0.0,SAFE,10,feu_rouge,SAFE : arret au feu rouge
24.65,81.5,0.0,SAFE,10,feu_rouge,SAFE : arret au feu rouge
24.70,81.5,0.0,SAFE,10,feu_rouge,SAFE : arret au feu rouge
24.75,81.5,0.0,SAFE,10,feu_rouge,SAFE : arret au feu rouge
24.80,81.5,0.0,SAFE,10,feu_rouge,SAFE : arret au feu rouge
24.85,81.5,0.0,SAFE,10,feu_rouge,SAFE : arret au feu rouge
24.90,81.5,0.0,SAFE,10,feu_rouge,SAFE : arret au feu rouge
24.95,81.5,0.0,SAFE,10,feu_rouge,SAFE : arret au feu rouge
25.00,81.5,0.0,SAFE,10,feu_rouge,SAFE : arret au feu rouge
25.05,81.5,0.0,SAFE,10,feu_rouge,SAFE : arret au feu rouge
25.10,81.5,0.0,SAFE,10,feu_rouge,SAFE : arret au feu rouge
25.15,81.5,0.0,SAFE,10,feu_rouge,SAFE : arret au feu rouge
25.20,81.5,0.0,SAFE,10,feu_rouge,SAFE : arret au feu rouge
25.25,81.5,0.0,SAFE,10,feu_rouge,SAFE : arret au feu rouge
25.30,81.5,0.0,SAFE,10,feu_rouge,SAFE : arret au feu rouge
25.35,81.5,0.0,SAFE,10,feu_rouge,SAFE : arret au feu rouge
25.40,81.5,0.0,SAFE,10,feu_rouge,SAFE : arret au feu rouge
25.45,81.5,0.0,SAFE,10,feu_rouge,SAFE : arret au feu rouge
25.50,81.5,0.0,SAFE,10,feu_rouge,SAFE : arret au feu rouge
25.55,81.5,0.0,SAFE,10,feu_rouge,SAFE : arret au feu rouge
25.60,81.5,0.0,SAFE,10,feu_rouge,SAFE : arret au feu rouge
25.65,81.5,0.0,SAFE,10,feu_rouge,SAFE : arret au feu rouge
25.70,81.5,0.0,SAFE,10,feu_rouge,SAFE : arret au feu rouge
25.75,81.5,0.0,SAFE,10,feu_rouge,SAFE : arret au feu rouge
25.80,81.5,0.0,SAFE,10,feu_rouge,SAFE : arret au feu rouge
25.85,81.5,0.0,SAFE,10,feu_rouge,SAFE : arret au feu rouge
25.90,81.5,0.0,SAFE,10,feu_rouge,SAFE : arret au feu rouge
25.95,81.5,0.0,SAFE,10,feu_rouge,SAFE : arret au feu rouge
26.00,81.5,0.0,SAFE,10,feu_rouge,SAFE : arret au feu rouge
26.05,81.5,0.0,SAFE,10,feu_rouge,SAFE : arret au feu rouge
26.10,81.5,0.0,SAFE,10,feu_rouge,SAFE : arret au feu rouge
26.15,81.5,0.0,SAFE,10,feu_rouge,SAFE : arret au feu rouge
26.20,81.5,0.0,SAFE,10,feu_rouge,SAFE : arret au feu rouge
26.25,81.5,0.0,SAFE,10,feu_rouge,SAFE : arret au feu rouge
26.30,81.5,0.0,SAFE,10,feu_rouge,SAFE : arret au feu rouge
26.35,81.5,0.0,SAFE,10,feu_rouge,SAFE : arret au feu rouge
26.40,81.5,0.0,SAFE,10,feu_rouge,SAFE : arret au feu rouge
26.45,81.5,0.0,SAFE,10,feu_rouge,SAFE : arret au feu rouge
26.50,81.5,0.0,SAFE,10,feu_rouge,SAFE : arret au feu rouge
26.55,81.5,0.0,SAFE,10,feu_rouge,SAFE : arret au feu rouge
26.60,81.5,0.0,SAFE,10,feu_rouge,SAFE : arret au feu rouge
26.65,81.5,0.0,SAFE,10,feu_rouge,SAFE : arret au feu rouge
26.70,81.5,0.0,SAFE,10,feu_rouge,SAFE : arret au feu rouge
26.75,81.5,0.0,SAFE,10,feu_rouge,SAFE : arret au feu rouge
26.80,81.5,0.0,SAFE,10,feu_rouge,SAFE : arret au feu rouge
26.85,81.5,0.0,SAFE,10,feu_rouge,SAFE : arret au feu rouge
26.90,81.5,0.0,SAFE,10,feu_rouge,SAFE : arret au feu rouge
26.95,81.5,0.0,SAFE,10,feu_rouge,SAFE : arret au feu rouge
27.00,81.5,0.0,SAFE,10,feu_rouge,SAFE : arret au feu rouge
27.05,81.5,0.0,SAFE,10,feu_rouge,SAFE : arret au feu rouge
27.10,81.5,0.0,SAFE,10,feu_rouge,SAFE : arret au feu rouge
27.15,81.5,0.0,SAFE,10,feu_rouge,SAFE : arret au feu rouge
27.20,81.5,0.0,SAFE,10,feu_rouge,SAFE : arret au feu rouge
27.25,81.5,0.0,SAFE,10,feu_rouge,SAFE : arret au feu rouge
27.30,81.5,0.0,SAFE,10,feu_rouge,SAFE : arret au feu rouge
27.35,81.5,0.0,SAFE,10,feu_rouge,SAFE : arret au feu rouge
27.40,81.5,0.0,SAFE,10,feu_rouge,SAFE : arret au feu rouge
27.45,81.5,0.0,SAFE,10,feu_rouge,SAFE : arret au feu rouge
27.50,81.5,0.0,SAFE,10,feu_rouge,SAFE : arret au feu rouge
27.55,81.5,0.0,SAFE,10,feu_rouge,SAFE : arret au feu rouge
27.60,81.5,0.0,SAFE,10,feu_rouge,SAFE : arret au feu rouge
27.65,81.5,0.0,SAFE,10,feu_rouge,SAFE : arret au feu rouge
27.70,81.5,0.0,SAFE,10,feu_rouge,SAFE : arret au feu rouge
27.75,81.5,0.0,SAFE,10,feu_rouge,SAFE : arret au feu rouge
27.80,81.5,0.0,SAFE,10,feu_rouge,SAFE : arret au feu rouge
27.85,81.5,0.0,SAFE,10,feu_rouge,SAFE : arret au feu rouge
27.90,81.5,0.0,SAFE,10,feu_rouge,SAFE : arret au feu rouge
27.95,81.5,0.0,SAFE,10,feu_rouge,SAFE : arret au feu rouge
28.00,81.5,0.0,SAFE,10,feu_rouge,SAFE : arret au feu rouge
28.05,81.5,0.0,SAFE,10,feu_rouge,SAFE : arret au feu rouge
28.10,81.5,0.0,SAFE,10,feu_rouge,SAFE : arret au feu rouge
28.15,81.5,0.0,SAFE,10,feu_rouge,SAFE : arret au feu rouge
28.20,81.5,0.0,SAFE,10,feu_rouge,SAFE : arret au feu rouge
28.25,81.5,0.0,SAFE,10,feu_rouge,SAFE : arret au feu rouge
28.30,81.5,0.0,SAFE,10,feu_rouge,SAFE : arret au feu rouge
28.35,81.5,0.0,SAFE,10,feu_rouge,SAFE : arret au feu rouge
28.40,81.5,0.0,SAFE,10,feu_rouge,SAFE : arret au feu rouge
28.45,81.5,0.0,SAFE,10,feu_rouge,SAFE : arret au feu rouge
28.50,81.5,0.0,SAFE,10,feu_rouge,SAFE : arret au feu rouge
28.55,81.5,0.0,SAFE,10,feu_rouge,SAFE : arret au feu rouge
28.60,81.5,0.0,SAFE,10,feu_rouge,SAFE : arret au feu rouge
28.65,81.5,0.0,SAFE,10,feu_rouge,SAFE : arret au feu rouge
