t,distance_parcourue_m,vitesse_kmh,niveau,n_agents_percus,recommandation
0.05,0.1,5.3,SAFE,3,Situation maîtrisée
0.10,0.2,7.1,SAFE,3,Situation maîtrisée
0.15,0.3,8.8,SAFE,3,Situation maîtrisée
0.20,0.4,10.6,SAFE,3,Situation maîtrisée
0.25,0.6,12.3,SAFE,3,Situation maîtrisée
0.30,0.7,14.1,SAFE,3,Situation maîtrisée
0.35,1.0,15.9,SAFE,3,Situation maîtrisée
0.40,1.2,17.6,SAFE,3,Situation maîtrisée
0.45,1.5,19.4,SAFE,3,Situation maîtrisée
0.50,1.7,21.2,SAFE,3,Situation maîtrisée
0.55,2.0,22.9,SAFE,3,Situation maîtrisée
0.60,2.3,16.0,SAFE,3,Situation maîtrisée
0.65,2.4,0.6,SAFE,3,Situation maîtrisée
0.70,2.4,0.9,SAFE,3,Situation maîtrisée
0.75,2.4,0.9,SAFE,3,Situation maîtrisée
0.80,2.4,0.8,SAFE,3,Situation maîtrisée
0.85,2.4,3.4,SAFE,3,Situation maîtrisée
0.90,2.5,5.4,SAFE,3,Situation maîtrisée
0.95,2.6,7.1,SAFE,3,Situation maîtrisée
1.00,2.7,8.2,SAFE,3,Situation maîtrisée
1.05,2.8,9.3,SAFE,3,Situation maîtrisée
1.10,3.0,10.2,SAFE,3,Situation maîtrisée
1.15,3.1,11.1,SAFE,3,Situation maîtrisée
1.20,3.3,11.8,SAFE,3,Situation maîtrisée
1.25,3.4,12.6,SAFE,3,Situation maîtrisée
1.30,3.6,13.3,SAFE,3,Situation maîtrisée
1.35,3.8,13.9,SAFE,3,Situation maîtrisée
1.40,4.0,14.4,SAFE,3,Situation maîtrisée
1.45,4.2,14.9,SAFE,3,Situation maîtrisée
1.50,4.4,15.4,SAFE,3,Situation maîtrisée
1.55,4.6,15.8,SAFE,4,Situation maîtrisée
1.60,4.9,16.2,SAFE,4,Situation maîtrisée
1.65,5.1,16.6,SAFE,4,Situation maîtrisée
1.70,5.3,16.9,SAFE,4,Situation maîtrisée
1.75,5.6,17.2,SAFE,4,Situation maîtrisée
1.80,5.8,17.5,SAFE,4,Situation maîtrisée
1.85,6.0,17.7,SAFE,4,Situation maîtrisée
1.90,6.3,17.9,SAFE,4,Situation maîtrisée
1.95,6.5,18.2,SAFE,4,Situation maîtrisée
2.00,6.8,18.1,SAFE,4,Situation maîtrisée
2.05,7.0,18.3,SAFE,4,Situation maîtrisée
2.10,7.3,17.9,SAFE,4,Situation maîtrisée
2.15,7.5,18.3,SAFE,4,Situation maîtrisée
2.20,7.8,17.9,SAFE,4,Situation maîtrisée
2.25,8.1,18.4,SAFE,4,Situation maîtrisée
2.30,8.3,18.0,SAFE,4,Situation maîtrisée
2.35,8.6,18.5,SAFE,4,Situation maîtrisée
2.40,8.8,18.3,SAFE,4,Situation maîtrisée
2.45,9.1,18.2,SAFE,4,Situation maîtrisée
2.50,9.3,18.0,SAFE,4,Situation maîtrisée
2.55,9.6,18.6,SAFE,4,Situation maîtrisée
2.60,9.8,18.6,SAFE,4,Situation maîtrisée
2.65,10.1,18.5,SAFE,4,Situation maîtrisée
2.70,10.3,18.3,SAFE,4,Situation maîtrisée
2.75,10.6,18.4,SAFE,4,Situation maîtrisée
2.80,10.9,18.2,SAFE,4,Situation maîtrisée
2.85,11.1,18.3,SAFE,4,Situation maîtrisée
2.90,11.4,18.2,SAFE,4,Situation maîtrisée
2.95,11.6,18.3,SAFE,4,Situation maîtrisée
3.00,11.9,18.2,SAFE,4,Situation maîtrisée
3.05,12.1,18.4,SAFE,4,Situation maîtrisée
3.10,12.4,18.3,SAFE,4,Situation maîtrisée
3.15,12.6,18.4,SAFE,4,Situation maîtrisée
3.20,12.9,18.4,SAFE,4,Situation maîtrisée
3.25,13.1,18.5,SAFE,3,Situation maîtrisée
3.30,13.4,18.5,SAFE,3,Situation maîtrisée
3.35,13.7,18.6,SAFE,3,Situation maîtrisée
3.40,13.9,18.5,SAFE,3,Situation maîtrisée
3.45,14.2,18.7,SAFE,3,Situation maîtrisée
3.50,14.4,18.6,SAFE,3,Situation maîtrisée
3.55,14.7,18.7,SAFE,3,Situation maîtrisée
3.60,15.0,18.7,SAFE,3,Situation maîtrisée
3.65,15.2,18.8,SAFE,3,Situation maîtrisée
3.70,15.5,18.7,SAFE,3,Situation maîtrisée
3.75,15.7,18.8,SAFE,3,Situation maîtrisée
3.80,16.0,18.8,SAFE,3,Situation maîtrisée
3.85,16.3,18.9,SAFE,3,Situation maîtrisée
3.90,16.5,18.8,SAFE,3,Situation maîtrisée
3.95,16.8,18.9,SAFE,3,Situation maîtrisée
4.00,17.0,18.9,SAFE,3,Situation maîtrisée
4.05,17.3,19.0,SAFE,3,Situation maîtrisée
4.10,17.6,18.9,SAFE,3,Situation maîtrisée
4.15,17.8,19.0,SAFE,3,Situation maîtrisée
4.20,18.1,19.0,SAFE,3,Situation maîtrisée
4.25,18.4,19.1,SAFE,3,Situation maîtrisée
4.30,18.6,19.0,SAFE,3,Situation maîtrisée
4.35,18.9,19.1,SAFE,3,Situation maîtrisée
4.40,19.2,19.0,SAFE,3,Situation maîtrisée
4.45,19.4,19.1,SAFE,3,Situation maîtrisée
4.50,19.7,19.0,SAFE,3,Situation maîtrisée
4.55,19.9,19.1,SAFE,3,Situation maîtrisée
4.60,20.2,19.1,SAFE,3,Situation maîtrisée
4.65,20.5,19.2,SAFE,3,Situation maîtrisée
4.70,20.7,19.1,SAFE,3,Situation maîtrisée
4.75,21.0,19.2,SAFE,3,Situation maîtrisée
4.80,21.3,19.1,SAFE,3,Situation maîtrisée
4.85,21.5,19.2,SAFE,3,Situation maîtrisée
4.90,21.8,19.2,SAFE,3,Situation maîtrisée
4.95,22.1,19.2,SAFE,3,Situation maîtrisée
5.00,22.3,19.2,SAFE,3,Situation maîtrisée
5.05,22.6,19.3,SAFE,3,Situation maîtrisée
5.10,22.9,19.2,SAFE,3,Situation maîtrisée
5.15,23.1,19.3,SAFE,3,Situation maîtrisée
5.20,23.4,19.2,SAFE,3,Situation maîtrisée
5.25,23.7,19.3,SAFE,3,Situation maîtrisée
5.30,23.9,19.1,SAFE,3,Situation maîtrisée
5.35,24.2,19.0,SAFE,2,Situation maîtrisée
5.40,24.5,18.6,SAFE,2,Situation maîtrisée
5.45,24.7,18.3,SAFE,2,Situation maîtrisée
5.50,25.0,18.0,SAFE,2,Situation maîtrisée
5.55,25.2,17.8,SAFE,2,Situation maîtrisée
5.60,25.5,17.6,SAFE,2,Situation maîtrisée
5.65,25.7,17.2,SAFE,1,Situation maîtrisée
5.70,25.9,17.0,SAFE,1,Situation maîtrisée
5.75,26.2,16.9,SAFE,1,Situation maîtrisée
5.80,26.4,16.9,SAFE,1,Situation maîtrisée
5.85,26.7,17.1,SAFE,1,Situation maîtrisée
5.90,26.9,17.3,SAFE,1,Situation maîtrisée
5.95,27.1,17.5,SAFE,1,Situation maîtrisée
6.00,27.4,17.8,SAFE,1,Situation maîtrisée
6.05,27.6,18.0,SAFE,1,Situation maîtrisée
6.10,27.9,18.2,SAFE,1,Situation maîtrisée
6.15,28.1,18.2,SAFE,1,Situation maîtrisée
6.20,28.4,18.1,SAFE,1,Situation maîtrisée
6.25,28.6,18.1,SAFE,1,Situation maîtrisée
6.30,28.9,18.2,SAFE,1,Situation maîtrisée
6.35,29.1,18.2,SAFE,1,Situation maîtrisée
6.40,29.4,18.2,SAFE,1,Situation maîtrisée
6.45,29.6,18.0,SAFE,1,Situation maîtrisée
6.50,29.9,18.7,SAFE,1,Situation maîtrisée
6.55,30.2,18.4,SAFE,1,Situation maîtrisée
6.60,30.4,18.4,SAFE,1,Situation maîtrisée
6.65,30.7,18.3,SAFE,1,Situation maîtrisée
6.70,30.9,18.3,SAFE,1,Situation maîtrisée
6.75,31.2,18.3,SAFE,1,Situation maîtrisée
6.80,31.4,18.4,SAFE,1,Situation maîtrisée
6.85,31.7,18.3,SAFE,1,Situation maîtrisée
6.90,31.9,18.5,SAFE,1,Situation maîtrisée
6.95,32.2,18.5,SAFE,1,Situation maîtrisée
7.00,32.5,18.6,SAFE,1,Situation maîtrisée
7.05,32.7,18.6,SAFE,1,Situation maîtrisée
7.10,33.0,18.8,SAFE,1,Situation maîtrisée
7.15,33.2,18.8,SAFE,1,Situation maîtrisée
7.20,33.5,18.9,SAFE,1,Situation maîtrisée
7.25,33.8,18.9,SAFE,1,Situation maîtrisée
7.30,34.0,19.0,SAFE,1,Situation maîtrisée
7.35,34.3,19.0,SAFE,1,Situation maîtrisée
7.40,34.5,19.2,SAFE,1,Situation maîtrisée
7.45,34.8,19.1,SAFE,1,Situation maîtrisée
7.50,35.1,19.3,SAFE,1,Situation maîtrisée
7.55,35.3,19.2,SAFE,1,Situation maîtrisée
7.60,35.6,19.4,SAFE,1,Situation maîtrisée
7.65,35.9,19.4,SAFE,1,Situation maîtrisée
7.70,36.2,19.5,SAFE,1,Situation maîtrisée
7.75,36.4,19.4,SAFE,1,Situation maîtrisée
7.80,36.7,19.6,SAFE,1,Situation maîtrisée
7.85,37.0,19.5,SAFE,1,Situation maîtrisée
7.90,37.2,19.6,SAFE,1,Situation maîtrisée
7.95,37.5,19.6,SAFE,1,Situation maîtrisée
8.00,37.8,19.7,SAFE,1,Situation maîtrisée
8.05,38.1,19.6,SAFE,1,Situation maîtrisée
8.10,38.3,19.7,SAFE,1,Situation maîtrisée
8.15,38.6,19.7,SAFE,1,Situation maîtrisée
8.20,38.9,19.8,SAFE,1,Situation maîtrisée
8.25,39.2,19.7,SAFE,1,Situation maîtrisée
8.30,39.4,19.8,SAFE,1,Situation maîtrisée
8.35,39.7,19.8,SAFE,1,Situation maîtrisée
8.40,40.0,19.9,SAFE,1,Situation maîtrisée
8.45,40.3,19.8,SAFE,1,Situation maîtrisée
8.50,40.5,19.9,SAFE,1,Situation maîtrisée
8.55,40.8,19.9,SAFE,1,Situation maîtrisée
8.60,41.1,19.9,SAFE,2,Situation maîtrisée
8.65,41.4,19.9,SAFE,2,Situation maîtrisée
8.70,41.6,20.0,SAFE,2,Situation maîtrisée
8.75,41.9,19.9,SAFE,2,Situation maîtrisée
8.80,42.2,20.0,SAFE,2,Situation maîtrisée
8.85,42.5,19.9,SAFE,2,Situation maîtrisée
8.90,42.7,20.0,SAFE,2,Situation maîtrisée
8.95,43.0,20.0,SAFE,1,Situation maîtrisée
9.00,43.3,20.1,SAFE,2,Situation maîtrisée
9.05,43.6,20.0,SAFE,2,Situation maîtrisée
9.10,43.9,20.1,SAFE,2,Situation maîtrisée
9.15,44.1,20.0,SAFE,2,Situation maîtrisée
9.20,44.4,20.1,SAFE,2,Situation maîtrisée
9.25,44.7,20.0,SAFE,3,Situation maîtrisée
9.30,45.0,20.1,SAFE,3,Situation maîtrisée
9.35,45.2,20.0,SAFE,3,Situation maîtrisée
9.40,45.5,20.1,SAFE,4,Situation maîtrisée
9.45,45.8,20.1,SAFE,4,Situation maîtrisée
9.50,46.1,20.1,SAFE,4,Situation maîtrisée
9.55,46.4,20.1,SAFE,4,Situation maîtrisée
9.60,46.6,20.2,SAFE,4,Situation maîtrisée
9.65,46.9,20.1,SAFE,4,Situation maîtrisée
9.70,47.2,20.2,SAFE,4,Situation maîtrisée
9.75,47.5,20.1,SAFE,4,Situation maîtrisée
9.80,47.8,20.2,SAFE,4,Situation maîtrisée
9.85,48.0,20.1,SAFE,4,Situation maîtrisée
9.90,48.3,20.2,SAFE,4,Situation maîtrisée
9.95,48.6,20.1,SAFE,4,Situation maîtrisée
10.00,48.9,20.2,SAFE,4,Situation maîtrisée
10.05,49.2,20.1,SAFE,4,Situation maîtrisée
10.10,49.4,20.2,SAFE,5,Situation maîtrisée
10.15,49.7,20.1,SAFE,5,Situation maîtrisée
10.20,50.0,20.2,SAFE,5,Situation maîtrisée
10.25,50.3,20.1,SAFE,5,Situation maîtrisée
10.30,50.6,20.2,SAFE,5,Situation maîtrisée
10.35,50.8,20.1,SAFE,5,Situation maîtrisée
10.40,51.1,20.2,SAFE,5,Situation maîtrisée
10.45,51.4,20.1,SAFE,5,Situation maîtrisée
10.50,51.7,20.2,SAFE,5,Situation maîtrisée
10.55,52.0,20.1,SAFE,5,Situation maîtrisée
10.60,52.2,20.2,SAFE,5,Situation maîtrisée
10.65,52.5,20.2,SAFE,5,Situation maîtrisée
10.70,52.8,20.2,SAFE,5,Situation maîtrisée
10.75,53.1,20.2,SAFE,5,Situation maîtrisée
10.80,53.4,20.2,SAFE,5,Situation maîtrisée
10.85,53.6,20.2,SAFE,5,Situation maîtrisée
10.90,53.9,20.2,SAFE,5,Situation maîtrisée
10.95,54.2,20.2,SAFE,5,Situation maîtrisée
11.00,54.5,20.2,SAFE,5,Situation maîtrisée
11.05,54.8,20.2,SAFE,5,Situation maîtrisée
11.10,55.0,20.2,SAFE,5,Situation maîtrisée
11.15,55.3,20.2,SAFE,6,Situation maîtrisée
11.20,55.6,20.2,SAFE,7,Situation maîtrisée
11.25,55.9,20.2,SAFE,7,Situation maîtrisée
11.30,56.2,20.2,SAFE,7,Situation maîtrisée
11.35,56.4,20.2,SAFE,7,Situation maîtrisée
11.40,56.7,20.2,SAFE,7,Situation maîtrisée
11.45,57.0,20.2,SAFE,7,Situation maîtrisée
11.50,57.3,20.2,SAFE,7,Situation maîtrisée
11.55,57.6,20.2,SAFE,7,Situation maîtrisée
11.60,57.9,20.2,SAFE,7,Situation maîtrisée
11.65,58.1,20.2,SAFE,7,Situation maîtrisée
11.70,58.4,20.2,SAFE,7,Situation maîtrisée
11.75,58.7,20.2,SAFE,7,Situation maîtrisée
11.80,59.0,20.2,SAFE,7,Situation maîtrisée
11.85,59.3,20.2,SAFE,7,Situation maîtrisée
11.90,59.5,20.2,SAFE,7,Situation maîtrisée
11.95,59.8,20.2,SAFE,8,Situation maîtrisée
12.00,60.1,20.2,SAFE,8,Situation maîtrisée
12.05,60.4,20.2,SAFE,8,Situation maîtrisée
12.10,60.7,20.2,SAFE,8,Situation maîtrisée
12.15,60.9,20.2,SAFE,8,Situation maîtrisée
12.20,61.2,20.2,SAFE,8,Situation maîtrisée
12.25,61.5,20.2,SAFE,8,Situation maîtrisée
12.30,61.8,20.2,SAFE,8,Situation maîtrisée
12.35,62.1,20.2,SAFE,8,Situation maîtrisée
12.40,62.3,20.2,SAFE,8,Situation maîtrisée
12.45,62.6,20.2,SAFE,8,Situation maîtrisée
12.50,62.9,20.2,SAFE,8,Situation maîtrisée
12.55,63.2,20.2,SAFE,8,Situation maîtrisée
12.60,63.5,20.3,SAFE,8,Situation maîtrisée
12.65,63.7,20.3,SAFE,8,Situation maîtrisée
12.70,64.0,20.4,SAFE,8,Situation maîtrisée
12.75,64.3,20.5,SAFE,8,Situation maîtrisée
12.80,64.6,20.5,SAFE,8,Situation maîtrisée
12.85,64.9,20.3,SAFE,8,Situation maîtrisée
12.90,65.2,20.4,SAFE,8,Situation maîtrisée
12.95,65.4,20.3,SAFE,8,Situation maîtrisée
13.00,65.7,20.3,SAFE,8,Situation maîtrisée
13.05,66.0,20.2,SAFE,8,Situation maîtrisée
13.10,66.3,20.4,SAFE,8,Situation maîtrisée
13.15,66.6,20.2,SAFE,8,Situation maîtrisée
13.20,66.9,20.7,SAFE,8,Situation maîtrisée
13.25,67.1,20.4,SAFE,8,Situation maîtrisée
13.30,67.4,20.9,SAFE,8,Situation maîtrisée
13.35,67.7,20.5,SAFE,8,Situation maîtrisée
13.40,68.0,21.1,SAFE,8,Situation maîtrisée
13.45,68.3,20.7,SAFE,8,Situation maîtrisée
13.50,68.6,21.1,SAFE,9,Situation maîtrisée
13.55,68.9,20.6,SAFE,9,Situation maîtrisée
13.60,69.2,21.1,SAFE,9,Situation maîtrisée
13.65,69.5,20.7,SAFE,9,Situation maîtrisée
13.70,69.7,21.1,SAFE,9,Situation maîtrisée
13.75,70.0,20.6,SAFE,9,Situation maîtrisée
13.80,70.3,21.1,SAFE,8,Situation maîtrisée
13.85,70.6,20.7,SAFE,8,Situation maîtrisée
13.90,70.9,21.0,SAFE,8,Situation maîtrisée
13.95,71.2,20.5,SAFE,8,Situation maîtrisée
14.00,71.5,21.0,SAFE,8,Situation maîtrisée
14.05,71.8,20.6,SAFE,8,Situation maîtrisée
14.10,72.1,21.0,SAFE,8,Situation maîtrisée
14.15,72.3,20.5,SAFE,8,Situation maîtrisée
14.20,72.6,21.0,SAFE,8,Situation maîtrisée
14.25,72.9,20.6,SAFE,8,Situation maîtrisée
14.30,73.2,20.9,SAFE,8,Situation maîtrisée
14.35,73.5,20.4,SAFE,8,Situation maîtrisée
14.40,73.8,20.9,SAFE,8,Situation maîtrisée
14.45,74.1,20.5,SAFE,8,Situation maîtrisée
14.50,74.4,20.9,SAFE,8,Situation maîtrisée
14.55,74.6,20.4,SAFE,8,Situation maîtrisée
14.60,74.9,20.9,SAFE,8,Situation maîtrisée
14.65,75.2,20.5,SAFE,8,Situation maîtrisée
14.70,75.5,20.8,SAFE,8,Situation maîtrisée
14.75,75.8,20.3,SAFE,8,Situation maîtrisée
14.80,76.1,20.8,SAFE,7,Situation maîtrisée
14.85,76.4,20.5,SAFE,7,Situation maîtrisée
14.90,76.7,20.8,SAFE,7,Situation maîtrisée
14.95,76.9,20.3,SAFE,7,Situation maîtrisée
15.00,77.2,20.8,SAFE,7,Situation maîtrisée
15.05,77.5,20.4,SAFE,7,Situation maîtrisée
15.10,77.8,20.8,SAFE,7,Situation maîtrisée
15.15,78.1,20.3,SAFE,7,Situation maîtrisée
15.20,78.4,20.8,SAFE,7,Situation maîtrisée
15.25,78.7,20.4,SAFE,7,Situation maîtrisée
15.30,78.9,20.7,SAFE,7,Situation maîtrisée
15.35,79.2,20.2,SAFE,7,Situation maîtrisée
15.40,79.5,20.8,SAFE,7,SAFE : Arrêt au feu rouge
15.45,79.8,20.2,SAFE,7,SAFE : Arrêt au feu rouge
15.50,80.1,20.3,SAFE,6,SAFE : Arrêt au feu rouge
15.55,80.3,19.2,SAFE,6,SAFE : Arrêt au feu rouge
15.60,80.6,15.0,SAFE,6,SAFE : Arrêt au feu rouge
15.65,80.7,10.2,SAFE,6,SAFE : Arrêt au feu rouge
15.70,80.9,5.4,SAFE,6,SAFE : Arrêt au feu rouge
15.75,80.9,0.7,SAFE,6,SAFE : Arrêt au feu rouge
15.80,80.9,0.0,SAFE,6,SAFE : Arrêt au feu rouge
15.85,80.9,0.0,SAFE,6,SAFE : Arrêt au feu rouge
15.90,80.9,0.0,SAFE,6,SAFE : Arrêt au feu rouge
15.95,80.9,0.0,SAFE,6,SAFE : Arrêt au feu rouge
16.00,80.9,0.0,SAFE,6,SAFE : Arrêt au feu rouge
16.05,80.9,0.0,SAFE,6,SAFE : Arrêt au feu rouge
16.10,80.9,0.0,SAFE,6,SAFE : Arrêt au feu rouge
16.15,80.9,0.0,SAFE,6,SAFE : Arrêt au feu rouge
16.20,80.9,0.3,SAFE,6,SAFE : Arrêt au feu rouge
16.25,80.9,0.2,SAFE,6,SAFE : Arrêt au feu rouge
16.30,80.9,0.2,SAFE,6,SAFE : Arrêt au feu rouge
16.35,80.9,0.2,SAFE,6,SAFE : Arrêt au feu rouge
16.40,80.9,0.2,SAFE,6,SAFE : Arrêt au feu rouge
16.45,80.9,0.1,SAFE,6,SAFE : Arrêt au feu rouge
16.50,80.9,0.1,SAFE,6,SAFE : Arrêt au feu rouge
16.55,80.9,0.1,SAFE,6,SAFE : Arrêt au feu rouge
16.60,80.9,0.1,SAFE,6,SAFE : Arrêt au feu rouge
16.65,80.9,0.0,SAFE,6,SAFE : Arrêt au feu rouge
16.70,80.9,0.0,SAFE,5,SAFE : Arrêt au feu rouge
16.75,80.9,0.0,SAFE,5,SAFE : Arrêt au feu rouge
16.80,80.9,0.0,SAFE,5,SAFE : Arrêt au feu rouge
16.85,80.9,0.0,SAFE,5,SAFE : Arrêt au feu rouge
16.90,80.9,0.0,SAFE,5,SAFE : Arrêt au feu rouge
16.95,80.9,0.0,SAFE,5,SAFE : Arrêt au feu rouge
17.00,80.9,0.0,SAFE,5,SAFE : Arrêt au feu rouge
17.05,80.9,0.0,SAFE,5,SAFE : Arrêt au feu rouge
17.10,80.9,0.0,SAFE,5,SAFE : Arrêt au feu rouge
17.15,80.9,0.0,SAFE,5,SAFE : Arrêt au feu rouge
17.20,80.9,0.0,SAFE,5,SAFE : Arrêt au feu rouge
17.25,80.9,0.0,SAFE,5,SAFE : Arrêt au feu rouge
17.30,80.9,0.0,SAFE,5,SAFE : Arrêt au feu rouge
17.35,80.9,0.0,SAFE,5,SAFE : Arrêt au feu rouge
17.40,80.9,0.0,SAFE,5,SAFE : Arrêt au feu rouge
17.45,80.9,0.0,SAFE,5,SAFE : Arrêt au feu rouge
17.50,80.9,0.0,SAFE,5,SAFE : Arrêt au feu rouge
17.55,80.9,0.0,SAFE,5,SAFE : Arrêt au feu rouge
17.60,80.9,0.0,SAFE,5,SAFE : Arrêt au feu rouge
17.65,80.9,0.0,SAFE,5,SAFE : Arrêt au feu rouge
17.70,80.9,0.0,SAFE,5,SAFE : Arrêt au feu rouge
17.75,80.9,0.0,SAFE,5,SAFE : Arrêt au feu rouge
17.80,80.9,0.0,SAFE,5,SAFE : Arrêt au feu rouge
17.85,80.9,0.0,SAFE,5,SAFE : Arrêt au feu rouge
17.90,80.9,0.0,SAFE,5,SAFE : Arrêt au feu rouge
17.95,80.9,0.0,SAFE,5,SAFE : Arrêt au feu rouge
18.00,80.9,0.0,SAFE,5,SAFE : Arrêt au feu rouge
18.05,80.9,0.0,SAFE,5,SAFE : Arrêt au feu rouge
18.10,80.9,0.0,SAFE,5,SAFE : Arrêt au feu rouge
18.15,80.9,0.0,SAFE,5,SAFE : Arrêt au feu rouge
18.20,80.9,0.0,SAFE,5,SAFE : Arrêt au feu rouge
18.25,80.9,0.0,SAFE,5,SAFE : Arrêt au feu rouge
18.30,80.9,0.0,SAFE,5,SAFE : Arrêt au feu rouge
18.35,80.9,0.0,SAFE,5,SAFE : Arrêt au feu rouge
18.40,80.9,0.0,SAFE,5,SAFE : Arrêt au feu rouge
18.45,80.9,0.0,SAFE,5,SAFE : Arrêt au feu rouge
18.50,80.9,0.0,SAFE,5,SAFE : Arrêt au feu rouge
18.55,80.9,0.0,SAFE,5,SAFE : Arrêt au feu rouge
18.60,80.9,0.0,SAFE,6,SAFE : Arrêt au feu rouge
18.65,80.9,0.0,SAFE,6,SAFE : Arrêt au feu rouge
18.70,80.9,0.0,SAFE,6,SAFE : Arrêt au feu rouge
18.75,80.9,0.0,SAFE,6,SAFE : Arrêt au feu rouge
18.80,80.9,0.0,SAFE,6,SAFE : Arrêt au feu rouge
18.85,80.9,0.0,SAFE,6,SAFE : Arrêt au feu rouge
18.90,80.9,0.0,SAFE,6,SAFE : Arrêt au feu rouge
18.95,80.9,0.0,SAFE,6,SAFE : Arrêt au feu rouge
19.00,80.9,0.0,SAFE,6,SAFE : Arrêt au feu rouge
19.05,80.9,0.0,SAFE,6,SAFE : Arrêt au feu rouge
19.10,80.9,0.0,SAFE,6,SAFE : Arrêt au feu rouge
19.15,80.9,0.0,SAFE,6,SAFE : Arrêt au feu rouge
19.20,80.9,0.0,SAFE,7,SAFE : Arrêt au feu rouge
19.25,80.9,0.0,SAFE,7,SAFE : Arrêt au feu rouge
19.30,80.9,0.0,SAFE,7,SAFE : Arrêt au feu rouge
19.35,80.9,0.0,SAFE,7,SAFE : Arrêt au feu rouge
19.40,80.9,0.0,SAFE,7,SAFE : Arrêt au feu rouge
19.45,80.9,0.0,SAFE,7,SAFE : Arrêt au feu rouge
19.50,80.9,0.0,SAFE,7,SAFE : Arrêt au feu rouge
19.55,80.9,0.0,SAFE,7,SAFE : Arrêt au feu rouge
19.60,80.9,0.0,SAFE,7,SAFE : Arrêt au feu rouge
19.65,80.9,0.0,SAFE,7,SAFE : Arrêt au feu rouge
19.70,80.9,0.0,SAFE,7,SAFE : Arrêt au feu rouge
19.75,80.9,0.0,SAFE,7,SAFE : Arrêt au feu rouge
19.80,80.9,0.0,SAFE,7,SAFE : Arrêt au feu rouge
19.85,80.9,0.0,SAFE,7,SAFE : Arrêt au feu rouge
19.90,80.9,0.0,SAFE,7,SAFE : Arrêt au feu rouge
19.95,80.9,0.0,SAFE,7,SAFE : Arrêt au feu rouge
20.00,80.9,0.0,SAFE,7,SAFE : Arrêt au feu rouge
20.05,80.9,0.0,SAFE,7,SAFE : Arrêt au feu rouge
20.10,80.9,0.0,SAFE,7,SAFE : Arrêt au feu rouge
20.15,80.9,0.0,SAFE,7,SAFE : Arrêt au feu rouge
20.20,80.9,0.0,SAFE,7,SAFE : Arrêt au feu rouge
20.25,80.9,0.0,SAFE,7,SAFE : Arrêt au feu rouge
20.30,80.9,0.0,SAFE,7,SAFE : Arrêt au feu rouge
20.35,80.9,0.0,SAFE,8,SAFE : Arrêt au feu rouge
20.40,80.9,0.0,SAFE,8,SAFE : Arrêt au feu rouge
20.45,80.9,0.0,SAFE,8,SAFE : Arrêt au feu rouge
20.50,80.9,0.0,SAFE,8,SAFE : Arrêt au feu rouge
20.55,80.9,0.0,SAFE,8,SAFE : Arrêt au feu rouge
20.60,80.9,0.0,SAFE,8,SAFE : Arrêt au feu rouge
20.65,80.9,0.0,SAFE,8,SAFE : Arrêt au feu rouge
20.70,80.9,0.0,SAFE,8,SAFE : Arrêt au feu rouge
20.75,80.9,0.0,SAFE,8,SAFE : Arrêt au feu rouge
20.80,80.9,0.0,SAFE,8,SAFE : Arrêt au feu rouge
20.85,80.9,0.0,SAFE,8,SAFE : Arrêt au feu rouge
20.90,80.9,0.0,SAFE,8,SAFE : Arrêt au feu rouge
20.95,80.9,0.0,SAFE,8,SAFE : Arrêt au feu rouge
21.00,80.9,0.0,SAFE,8,SAFE : Arrêt au feu rouge
21.05,80.9,0.0,SAFE,8,SAFE : Arrêt au feu rouge
21.10,80.9,0.0,SAFE,8,SAFE : Arrêt au feu rouge
21.15,80.9,0.0,SAFE,8,SAFE : Arrêt au feu rouge
21.20,80.9,0.0,SAFE,8,SAFE : Arrêt au feu rouge
21.25,80.9,0.0,SAFE,8,SAFE : Arrêt au feu rouge
21.30,80.9,0.0,SAFE,8,SAFE : Arrêt au feu rouge
21.35,80.9,0.0,SAFE,8,SAFE : Arrêt au feu rouge
21.40,80.9,0.0,SAFE,8,SAFE : Arrêt au feu rouge
21.45,80.9,0.0,SAFE,8,SAFE : Arrêt au feu rouge
21.50,80.9,0.0,SAFE,8,SAFE : Arrêt au feu rouge
21.55,80.9,0.0,SAFE,8,SAFE : Arrêt au feu rouge
21.60,80.9,0.0,SAFE,8,SAFE : Arrêt au feu rouge
21.65,80.9,0.0,SAFE,8,SAFE : Arrêt au feu rouge
21.70,80.9,0.0,SAFE,8,SAFE : Arrêt au feu rouge
21.75,80.9,0.0,SAFE,8,SAFE : Arrêt au feu rouge
21.80,80.9,0.0,SAFE,8,SAFE : Arrêt au feu rouge
21.85,80.9,0.0,SAFE,8,SAFE : Arrêt au feu rouge
21.90,80.9,0.0,SAFE,8,SAFE : Arrêt au feu rouge
21.95,80.9,0.0,SAFE,9,SAFE : Arrêt au feu rouge
22.00,80.9,0.0,SAFE,10,SAFE : Arrêt au feu rouge
22.05,80.9,0.0,SAFE,10,SAFE : Arrêt au feu rouge
22.10,80.9,0.0,SAFE,10,SAFE : Arrêt au feu rouge
22.15,80.9,0.0,SAFE,10,SAFE : Arrêt au feu rouge
22.20,80.9,0.0,SAFE,10,SAFE : Arrêt au feu rouge
22.25,80.9,0.0,SAFE,10,SAFE : Arrêt au feu rouge
22.30,80.9,0.0,SAFE,10,SAFE : Arrêt au feu rouge
22.35,80.9,0.0,SAFE,10,SAFE : Arrêt au feu rouge
22.40,80.9,0.0,SAFE,10,SAFE : Arrêt au feu rouge
22.45,80.9,0.0,SAFE,10,SAFE : Arrêt au feu rouge
22.50,80.9,0.0,SAFE,10,SAFE : Arrêt au feu rouge
22.55,80.9,0.0,SAFE,10,SAFE : Arrêt au feu rouge
22.60,80.9,0.0,SAFE,10,SAFE : Arrêt au feu rouge
22.65,80.9,0.0,SAFE,10,SAFE : Arrêt au feu rouge
22.70,80.9,0.0,SAFE,10,SAFE : Arrêt au feu rouge
22.75,80.9,0.0,SAFE,10,SAFE : Arrêt au feu rouge
22.80,80.9,0.0,SAFE,10,SAFE : Arrêt au feu rouge
22.85,80.9,0.0,SAFE,10,SAFE : Arrêt au feu rouge
22.90,80.9,0.0,SAFE,10,SAFE : Arrêt au feu rouge
22.95,80.9,0.0,SAFE,10,SAFE : Arrêt au feu rouge
23.00,80.9,0.0,SAFE,10,SAFE : Arrêt au feu rouge
23.05,80.9,0.0,SAFE,10,SAFE : Arrêt au feu rouge
23.10,80.9,0.0,SAFE,10,SAFE : Arrêt au feu rouge
23.15,80.9,0.0,CRITICAL,10,Vigilance — situation à la limite
23.20,80.9,0.0,CRITICAL,10,Vigilance — situation à la limite
23.25,80.9,0.0,CRITICAL,10,Vigilance — situation à la limite
23.30,80.9,0.0,CRITICAL,10,Vigilance — situation à la limite
23.35,80.9,0.0,CRITICAL,10,Vigilance — situation à la limite
23.40,80.9,0.0,CRITICAL,10,Vigilance — situation à la limite
23.45,80.9,0.0,CRITICAL,10,Vigilance — situation à la limite
23.50,80.9,0.0,CRITICAL,10,Vigilance — situation à la limite
23.55,80.9,0.0,CRITICAL,10,Vigilance — situation à la limite
23.60,80.9,0.0,CRITICAL,10,Vigilance — situation à la limite
23.65,80.9,0.0,CRITICAL,10,Vigilance — situation à la limite
23.70,80.9,0.0,CRITICAL,10,Vigilance — situation à la limite
23.75,80.9,0.0,CRITICAL,10,Vigilance — situation à la limite
23.80,80.9,0.0,CRITICAL,10,Vigilance — situation à la limite
23.85,80.9,0.0,CRITICAL,10,Vigilance — situation à la limite
23.90,80.9,0.0,CRITICAL,10,Vigilance — situation à la limite
23.95,80.9,0.0,CRITICAL,10,Vigilance — situation à la limite
24.00,80.9,0.0,CRITICAL,10,Vigilance — situation à la limite
24.05,80.9,0.0,CRITICAL,10,Vigilance — situation à la limite
24.10,80.9,0.0,CRITICAL,10,Vigilance — situation à la limite
24.15,80.9,0.0,CRITICAL,10,Vigilance — situation à la limite
24.20,80.9,0.0,SAFE,10,SAFE : Arrêt au feu rouge
24.25,80.9,0.0,SAFE,10,SAFE : Arrêt au feu rouge
24.30,80.9,0.0,SAFE,10,SAFE : Arrêt au feu rouge
24.35,80.9,0.0,SAFE,10,SAFE : Arrêt au feu rouge
24.40,80.9,0.0,SAFE,10,SAFE : Arrêt au feu rouge
24.45,80.9,0.0,SAFE,10,SAFE : Arrêt au feu rouge
24.50,80.9,0.0,SAFE,10,SAFE : Arrêt au feu rouge
24.55,80.9,0.0,SAFE,10,SAFE : Arrêt au feu rouge
24.60,80.9,0.0,SAFE,10,SAFE : Arrêt au feu rouge
24.65,80.9,0.0,SAFE,10,SAFE : Arrêt au feu rouge
24.70,80.9,0.0,SAFE,10,SAFE : Arrêt au feu rouge
24.75,80.9,0.0,SAFE,10,SAFE : Arrêt au feu rouge
24.80,80.9,0.0,SAFE,10,SAFE : Arrêt au feu rouge
24.85,80.9,0.0,SAFE,10,SAFE : Arrêt au feu rouge
24.90,80.9,0.0,SAFE,10,SAFE : Arrêt au feu rouge
24.95,80.9,0.0,SAFE,10,SAFE : Arrêt au feu rouge
25.00,80.9,0.0,SAFE,10,SAFE : Arrêt au feu rouge
25.05,80.9,0.0,SAFE,10,SAFE : Arrêt au feu rouge
25.10,80.9,0.0,SAFE,10,SAFE : Arrêt au feu rouge
25.15,80.9,0.0,SAFE,10,SAFE : Arrêt au feu rouge
25.20,80.9,0.0,SAFE,10,SAFE : Arrêt au feu rouge
25.25,80.9,0.0,SAFE,10,SAFE : Arrêt au feu rouge
25.30,80.9,0.0,SAFE,10,SAFE : Arrêt au feu rouge
25.35,80.9,0.0,SAFE,10,SAFE : Arrêt au feu rouge
25.40,80.9,0.0,SAFE,10,SAFE : Arrêt au feu rouge
25.45,80.9,0.0,SAFE,10,SAFE : Arrêt au feu rouge
25.50,80.9,0.0,SAFE,10,SAFE : Arrêt au feu rouge
25.55,80.9,0.0,SAFE,10,SAFE : Arrêt au feu rouge
25.60,80.9,0.0,SAFE,10,SAFE : Arrêt au feu rouge
25.65,80.9,0.0,SAFE,10,SAFE : Arrêt au feu rouge
25.70,80.9,0.0,SAFE,10,SAFE : Arrêt au feu rouge
25.75,80.9,0.0,SAFE,9,SAFE : Arrêt au feu rouge
25.80,80.9,0.0,SAFE,9,SAFE : Arrêt au feu rouge
25.85,80.9,0.0,SAFE,9,SAFE : Arrêt au feu rouge
25.90,80.9,0.0,SAFE,9,SAFE : Arrêt au feu rouge
25.95,80.9,0.0,SAFE,9,SAFE : Arrêt au feu rouge
26.00,80.9,0.0,SAFE,9,SAFE : Arrêt au feu rouge
26.05,80.9,0.0,SAFE,9,SAFE : Arrêt au feu rouge
26.10,80.9,0.0,SAFE,9,SAFE : Arrêt au feu rouge
26.15,80.9,0.0,SAFE,9,SAFE : Arrêt au feu rouge
26.20,80.9,0.0,SAFE,9,SAFE : Arrêt au feu rouge
26.25,80.9,0.0,SAFE,9,SAFE : Arrêt au feu rouge
26.30,80.9,0.0,SAFE,9,SAFE : Arrêt au feu rouge
26.35,80.9,0.0,SAFE,9,SAFE : Arrêt au feu rouge
26.40,80.9,0.0,SAFE,9,SAFE : Arrêt au feu rouge
26.45,80.9,0.0,SAFE,9,SAFE : Arrêt au feu rouge
26.50,80.9,0.0,SAFE,9,SAFE : Arrêt au feu rouge
26.55,80.9,0.0,SAFE,9,SAFE : Arrêt au feu rouge
26.60,80.9,0.0,SAFE,9,SAFE : Arrêt au feu rouge
26.65,80.9,0.0,SAFE,9,SAFE : Arrêt au feu rouge
26.70,80.9,0.0,SAFE,9,SAFE : Arrêt au feu rouge
26.75,80.9,0.0,SAFE,9,SAFE : Arrêt au feu rouge
26.80,80.9,0.0,SAFE,9,SAFE : Arrêt au feu rouge
26.85,80.9,0.0,SAFE,9,SAFE : Arrêt au feu rouge
26.90,80.9,0.0,SAFE,9,SAFE : Arrêt au feu rouge
26.95,80.9,0.0,SAFE,9,SAFE : Arrêt au feu rouge
27.00,80.9,0.0,SAFE,9,SAFE : Arrêt au feu rouge
27.05,80.9,0.0,SAFE,9,SAFE : Arrêt au feu rouge
27.10,80.9,0.0,SAFE,9,SAFE : Arrêt au feu rouge
27.15,80.9,0.0,SAFE,9,SAFE : Arrêt au feu rouge
27.20,80.9,0.0,SAFE,9,SAFE : Arrêt au feu rouge
27.25,80.9,0.0,SAFE,9,SAFE : Arrêt au feu rouge
27.30,80.9,0.0,SAFE,9,SAFE : Arrêt au feu rouge
27.35,80.9,0.0,SAFE,9,SAFE : Arrêt au feu rouge
27.40,80.9,0.0,SAFE,9,SAFE : Arrêt au feu rouge
27.45,80.9,0.0,SAFE,9,SAFE : Arrêt au feu rouge
27.50,80.9,0.0,SAFE,8,SAFE : Arrêt au feu rouge
27.55,80.9,0.0,SAFE,8,SAFE : Arrêt au feu rouge
27.60,80.9,0.0,SAFE,8,SAFE : Arrêt au feu rouge
27.65,80.9,0.0,SAFE,8,SAFE : Arrêt au feu rouge
27.70,80.9,0.0,SAFE,8,SAFE : Arrêt au feu rouge
27.75,80.9,0.0,SAFE,8,SAFE : Arrêt au feu rouge
27.80,80.9,0.0,SAFE,8,SAFE : Arrêt au feu rouge
27.85,80.9,0.0,SAFE,8,SAFE : Arrêt au feu rouge
27.90,80.9,0.0,SAFE,8,SAFE : Arrêt au feu rouge
27.95,80.9,0.0,SAFE,8,SAFE : Arrêt au feu rouge
28.00,80.9,0.0,SAFE,8,SAFE : Arrêt au feu rouge
28.05,80.9,0.0,SAFE,8,SAFE : Arrêt au feu rouge
28.10,80.9,0.0,SAFE,8,SAFE : Arrêt au feu rouge
28.15,80.9,0.0,SAFE,8,SAFE : Arrêt au feu rouge
28.20,80.9,0.0,SAFE,8,SAFE : Arrêt au feu rouge
28.25,80.9,0.0,SAFE,8,SAFE : Arrêt au feu rouge
28.30,80.9,0.0,SAFE,8,SAFE : Arrêt au feu rouge
28.35,80.9,0.0,SAFE,8,SAFE : Arrêt au feu rouge
28.40,80.9,0.0,SAFE,8,SAFE : Arrêt au feu rouge
28.45,80.9,0.0,SAFE,8,SAFE : Arrêt au feu rouge
28.50,80.9,0.0,SAFE,8,SAFE : Arrêt au feu rouge
28.55,80.9,0.0,SAFE,8,SAFE : Arrêt au feu rouge
28.60,80.9,0.0,SAFE,8,SAFE : Arrêt au feu rouge
28.65,80.9,0.0,SAFE,8,SAFE : Arrêt au feu rouge
28.70,80.9,0.0,SAFE,8,SAFE : Arrêt au feu rouge
28.75,80.9,0.0,SAFE,8,SAFE : Arrêt au feu rouge
28.80,80.9,0.0,SAFE,9,SAFE : Arrêt au feu rouge
28.85,80.9,0.0,SAFE,9,SAFE : Arrêt au feu rouge
28.90,80.9,0.0,SAFE,9,SAFE : Arrêt au feu rouge
28.95,80.9,0.0,SAFE,9,SAFE : Arrêt au feu rouge
29.00,80.9,0.0,SAFE,9,SAFE : Arrêt au feu rouge
29.05,80.9,0.0,SAFE,9,SAFE : Arrêt au feu rouge
29.10,80.9,0.0,SAFE,9,SAFE : Arrêt au feu rouge
29.15,80.9,0.0,SAFE,9,SAFE : Arrêt au feu rouge
29.20,80.9,0.0,SAFE,9,SAFE : Arrêt au feu rouge
29.25,80.9,0.0,SAFE,9,SAFE : Arrêt au feu rouge
29.30,80.9,0.0,SAFE,9,SAFE : Arrêt au feu rouge
29.35,80.9,0.0,SAFE,9,SAFE : Arrêt au feu rouge
29.40,80.9,0.0,SAFE,9,SAFE : Arrêt au feu rouge
29.45,80.9,0.0,SAFE,9,SAFE : Arrêt au feu rouge
29.50,80.9,0.0,SAFE,9,SAFE : Arrêt au feu rouge
29.55,80.9,0.0,SAFE,9,SAFE : Arrêt au feu rouge
29.60,80.9,0.0,SAFE,9,SAFE : Arrêt au feu rouge
29.65,80.9,0.0,SAFE,9,SAFE : Arrêt au feu rouge
29.70,80.9,0.0,SAFE,9,SAFE : Arrêt au feu rouge
29.75,80.9,0.0,SAFE,9,SAFE : Arrêt au feu rouge
29.80,80.9,0.0,SAFE,9,SAFE : Arrêt au feu rouge
29.85,80.9,0.0,SAFE,9,SAFE : Arrêt au feu rouge
29.90,80.9,0.0,SAFE,9,SAFE : Arrêt au feu rouge
29.95,80.9,0.0,SAFE,9,SAFE : Arrêt au feu rouge
30.00,80.9,0.0,SAFE,9,SAFE : Arrêt au feu rouge
30.05,80.9,0.0,SAFE,9,SAFE : Arrêt au feu rouge
30.10,80.9,0.0,SAFE,9,SAFE : Arrêt au feu rouge
30.15,80.9,0.0,SAFE,9,SAFE : Arrêt au feu rouge
30.20,80.9,0.0,SAFE,9,SAFE : Arrêt au feu rouge
30.25,80.9,0.0,SAFE,9,SAFE : Arrêt au feu rouge
30.30,80.9,0.0,SAFE,9,SAFE : Arrêt au feu rouge
30.35,80.9,0.0,SAFE,9,SAFE : Arrêt au feu rouge
30.40,80.9,0.0,SAFE,9,SAFE : Arrêt au feu rouge
30.45,80.9,0.0,SAFE,9,SAFE : Arrêt au feu rouge
30.50,80.9,0.0,SAFE,9,SAFE : Arrêt au feu rouge
30.55,80.9,0.0,SAFE,8,SAFE : Arrêt au feu rouge
30.60,80.9,0.0,SAFE,7,SAFE : Arrêt au feu rouge
30.65,80.9,0.0,SAFE,7,SAFE : Arrêt au feu rouge
30.70,80.9,0.0,SAFE,7,SAFE : Arrêt au feu rouge
30.75,80.9,0.0,SAFE,7,SAFE : Arrêt au feu rouge
30.80,80.9,0.0,SAFE,7,SAFE : Arrêt au feu rouge
30.85,80.9,0.0,SAFE,7,SAFE : Arrêt au feu rouge
30.90,80.9,0.0,SAFE,7,SAFE : Arrêt au feu rouge
30.95,80.9,0.0,SAFE,7,SAFE : Arrêt au feu rouge
31.00,80.9,0.0,SAFE,7,SAFE : Arrêt au feu rouge
31.05,80.9,0.0,SAFE,7,SAFE : Arrêt au feu rouge
31.10,80.9,0.0,SAFE,7,SAFE : Arrêt au feu rouge
31.15,80.9,0.0,SAFE,7,SAFE : Arrêt au feu rouge
31.20,80.9,0.0,SAFE,7,SAFE : Arrêt au feu rouge
31.25,80.9,0.0,SAFE,7,SAFE : Arrêt au feu rouge
31.30,80.9,0.0,SAFE,7,SAFE : Arrêt au feu rouge
31.35,80.9,0.0,SAFE,7,SAFE : Arrêt au feu rouge
31.40,80.9,0.0,SAFE,7,SAFE : Arrêt au feu rouge
31.45,80.9,0.0,SAFE,7,SAFE : Arrêt au feu rouge
31.50,80.9,0.0,SAFE,7,SAFE : Arrêt au feu rouge
31.55,80.9,0.0,SAFE,7,SAFE : Arrêt au feu rouge
31.60,80.9,0.0,SAFE,7,SAFE : Arrêt au feu rouge
31.65,80.9,0.0,SAFE,7,SAFE : Arrêt au feu rouge
31.70,80.9,0.0,SAFE,7,SAFE : Arrêt au feu rouge
31.75,80.9,0.0,SAFE,7,SAFE : Arrêt au feu rouge
31.80,80.9,0.0,SAFE,7,SAFE : Arrêt au feu rouge
31.85,80.9,0.0,SAFE,7,SAFE : Arrêt au feu rouge
31.90,80.9,0.0,SAFE,7,SAFE : Arrêt au feu rouge
31.95,80.9,0.0,SAFE,7,SAFE : Arrêt au feu rouge
32.00,80.9,0.0,SAFE,7,SAFE : Arrêt au feu rouge
32.05,80.9,0.0,SAFE,7,SAFE : Arrêt au feu rouge
32.10,80.9,0.0,SAFE,7,SAFE : Arrêt au feu rouge
32.15,80.9,0.0,SAFE,7,SAFE : Arrêt au feu rouge
32.20,80.9,0.0,SAFE,7,SAFE : Arrêt au feu rouge
32.25,80.9,0.0,SAFE,7,SAFE : Arrêt au feu rouge
32.30,80.9,0.0,SAFE,7,SAFE : Arrêt au feu rouge
32.35,80.9,0.0,SAFE,7,SAFE : Arrêt au feu rouge
32.40,80.9,0.0,SAFE,7,SAFE : Arrêt au feu rouge
32.45,80.9,0.0,SAFE,7,SAFE : Arrêt au feu rouge
32.50,80.9,0.0,SAFE,7,SAFE : Arrêt au feu rouge
32.55,80.9,0.0,SAFE,7,SAFE : Arrêt au feu rouge
32.60,80.9,0.0,SAFE,7,SAFE : Arrêt au feu rouge
32.65,80.9,0.0,SAFE,7,SAFE : Arrêt au feu rouge
32.70,80.9,0.0,SAFE,7,SAFE : Arrêt au feu rouge
32.75,80.9,0.0,SAFE,7,SAFE : Arrêt au feu rouge
32.80,80.9,0.0,SAFE,7,SAFE : Arrêt au feu rouge
32.85,80.9,0.0,SAFE,7,SAFE : Arrêt au feu rouge
32.90,80.9,0.0,SAFE,7,SAFE : Arrêt au feu rouge
32.95,80.9,0.0,SAFE,7,SAFE : Arrêt au feu rouge
33.00,80.9,0.0,SAFE,7,SAFE : Arrêt au feu rouge
33.05,80.9,0.0,SAFE,7,SAFE : Arrêt au feu rouge
33.10,80.9,0.0,SAFE,7,SAFE : Arrêt au feu rouge
33.15,80.9,0.0,SAFE,7,SAFE : Arrêt au feu rouge
33.20,80.9,0.0,SAFE,7,SAFE : Arrêt au feu rouge
33.25,80.9,0.0,SAFE,7,SAFE : Arrêt au feu rouge
33.30,80.9,0.0,SAFE,7,SAFE : Arrêt au feu rouge
33.35,80.9,0.0,SAFE,7,SAFE : Arrêt au feu rouge
33.40,80.9,0.0,SAFE,7,SAFE : Arrêt au feu rouge
33.45,80.9,0.0,SAFE,7,SAFE : Arrêt au feu rouge
33.50,80.9,0.0,SAFE,7,SAFE : Arrêt au feu rouge
33.55,80.9,0.0,SAFE,7,SAFE : Arrêt au feu rouge
33.60,80.9,0.0,SAFE,7,SAFE : Arrêt au feu rouge
33.65,80.9,0.0,SAFE,7,SAFE : Arrêt au feu rouge
33.70,80.9,0.0,SAFE,7,SAFE : Arrêt au feu rouge
33.75,80.9,0.0,SAFE,7,SAFE : Arrêt au feu rouge
33.80,80.9,0.0,SAFE,7,SAFE : Arrêt au feu rouge
33.85,80.9,0.0,SAFE,7,SAFE : Arrêt au feu rouge
33.90,80.9,0.0,SAFE,7,SAFE : Arrêt au feu rouge
33.95,80.9,0.0,SAFE,7,SAFE : Arrêt au feu rouge
34.00,80.9,0.0,SAFE,7,SAFE : Arrêt au feu rouge
34.05,80.9,0.0,SAFE,7,SAFE : Arrêt au feu rouge
34.10,80.9,0.0,SAFE,7,SAFE : Arrêt au feu rouge
34.15,80.9,0.0,SAFE,7,SAFE : Arrêt au feu rouge
34.20,80.9,0.0,SAFE,7,SAFE : Arrêt au feu rouge
34.25,80.9,0.0,SAFE,7,SAFE : Arrêt au feu rouge
34.30,80.9,0.0,SAFE,7,SAFE : Arrêt au feu rouge
34.35,80.9,0.0,SAFE,7,SAFE : Arrêt au feu rouge
34.40,80.9,0.0,SAFE,7,SAFE : Arrêt au feu rouge
34.45,80.9,0.0,SAFE,7,SAFE : Arrêt au feu rouge
34.50,80.9,0.0,SAFE,7,SAFE : Arrêt au feu rouge
34.55,80.9,0.0,SAFE,7,SAFE : Arrêt au feu rouge
34.60,80.9,0.0,SAFE,7,SAFE : Arrêt au feu rouge
34.65,80.9,0.0,SAFE,7,SAFE : Arrêt au feu rouge
34.70,80.9,0.0,SAFE,7,SAFE : Arrêt au feu rouge
34.75,80.9,0.0,SAFE,7,SAFE : Arrêt au feu rouge
34.80,80.9,0.0,SAFE,7,SAFE : Arrêt au feu rouge
34.85,80.9,0.0,SAFE,7,SAFE : Arrêt au feu rouge
34.90,80.9,0.0,SAFE,7,SAFE : Arrêt au feu rouge
34.95,80.9,0.0,SAFE,7,SAFE : Arrêt au feu rouge
35.00,80.9,0.0,SAFE,7,SAFE : Arrêt au feu rouge
35.05,80.9,0.0,SAFE,7,SAFE : Arrêt au feu rouge
35.10,80.9,0.0,SAFE,7,SAFE : Arrêt au feu rouge
35.15,80.9,0.0,SAFE,7,SAFE : Arrêt au feu rouge
35.20,80.9,0.0,SAFE,7,SAFE : Arrêt au feu rouge
35.25,80.9,0.0,SAFE,7,SAFE : Arrêt au feu rouge
35.30,80.9,0.0,SAFE,7,SAFE : Arrêt au feu rouge
35.35,80.9,0.0,SAFE,7,SAFE : Arrêt au feu rouge
35.40,80.9,0.0,SAFE,7,SAFE : Arrêt au feu rouge
35.45,80.9,0.0,SAFE,7,SAFE : Arrêt au feu rouge
35.50,80.9,0.0,SAFE,7,SAFE : Arrêt au feu rouge
35.55,80.9,0.0,SAFE,7,SAFE : Arrêt au feu rouge
35.60,80.9,0.0,SAFE,7,SAFE : Arrêt au feu rouge
35.65,80.9,0.0,SAFE,7,SAFE : Arrêt au feu rouge
35.70,80.9,0.0,SAFE,7,SAFE : Arrêt au feu rouge
35.75,80.9,0.0,SAFE,7,SAFE : Arrêt au feu rouge
35.80,80.9,0.0,SAFE,7,SAFE : Arrêt au feu rouge
35.85,80.9,0.0,SAFE,7,SAFE : Arrêt au feu rouge
35.90,80.9,0.0,SAFE,7,SAFE : Arrêt au feu rouge
35.95,80.9,0.0,SAFE,7,SAFE : Arrêt au feu rouge
36.00,80.9,0.0,SAFE,7,SAFE : Arrêt au feu rouge
36.05,80.9,0.0,SAFE,7,SAFE : Arrêt au feu rouge
36.10,80.9,0.0,SAFE,7,SAFE : Arrêt au feu rouge
36.15,80.9,0.0,SAFE,7,SAFE : Arrêt au feu rouge
36.20,80.9,0.0,SAFE,7,SAFE : Arrêt au feu rouge
36.25,80.9,0.0,SAFE,7,SAFE : Arrêt au feu rouge
36.30,80.9,0.0,SAFE,7,SAFE : Arrêt au feu rouge
36.35,80.9,0.0,SAFE,7,SAFE : Arrêt au feu rouge
36.40,80.9,0.0,SAFE,7,SAFE : Arrêt au feu rouge
36.45,80.9,0.0,SAFE,7,SAFE : Arrêt au feu rouge
36.50,80.9,0.0,SAFE,7,SAFE : Arrêt au feu rouge
36.55,80.9,0.0,SAFE,7,SAFE : Arrêt au feu rouge
36.60,80.9,0.0,SAFE,7,SAFE : Arrêt au feu rouge
36.65,80.9,0.0,SAFE,7,SAFE : Arrêt au feu rouge
36.70,80.9,0.0,SAFE,7,SAFE : Arrêt au feu rouge
36.75,80.9,0.0,SAFE,7,SAFE : Arrêt au feu rouge
36.80,80.9,0.0,SAFE,7,SAFE : Arrêt au feu rouge
36.85,80.9,0.0,SAFE,7,SAFE : Arrêt au feu rouge
36.90,80.9,0.0,SAFE,7,SAFE : Arrêt au feu rouge
36.95,80.9,0.0,SAFE,7,SAFE : Arrêt au feu rouge
37.00,80.9,0.0,SAFE,7,SAFE : Arrêt au feu rouge
37.05,80.9,0.0,SAFE,7,SAFE : Arrêt au feu rouge
37.10,80.9,0.0,SAFE,7,SAFE : Arrêt au feu rouge
37.15,80.9,0.0,SAFE,7,SAFE : Arrêt au feu rouge
37.20,80.9,0.0,SAFE,7,SAFE : Arrêt au feu rouge
37.25,80.9,0.0,SAFE,7,SAFE : Arrêt au feu rouge
37.30,80.9,0.0,SAFE,7,SAFE : Arrêt au feu rouge
37.35,80.9,0.0,SAFE,7,SAFE : Arrêt au feu rouge
37.40,80.9,0.0,SAFE,7,SAFE : Arrêt au feu rouge
37.45,80.9,0.0,SAFE,7,SAFE : Arrêt au feu rouge
37.50,80.9,0.0,SAFE,7,SAFE : Arrêt au feu rouge
37.55,80.9,0.0,SAFE,7,SAFE : Arrêt au feu rouge
37.60,80.9,0.0,SAFE,7,SAFE : Arrêt au feu rouge
37.65,80.9,0.0,SAFE,7,SAFE : Arrêt au feu rouge
37.70,80.9,0.0,SAFE,7,SAFE : Arrêt au feu rouge
37.75,80.9,0.0,SAFE,7,SAFE : Arrêt au feu rouge
37.80,80.9,0.0,SAFE,7,SAFE : Arrêt au feu rouge
37.85,80.9,0.0,SAFE,7,SAFE : Arrêt au feu rouge
37.90,80.9,0.0,SAFE,7,SAFE : Arrêt au feu rouge
37.95,80.9,0.0,SAFE,7,SAFE : Arrêt au feu rouge
38.00,80.9,0.0,SAFE,7,SAFE : Arrêt au feu rouge
38.05,80.9,0.0,SAFE,7,SAFE : Arrêt au feu rouge
38.10,80.9,0.0,SAFE,7,SAFE : Arrêt au feu rouge
38.15,80.9,0.0,SAFE,7,SAFE : Arrêt au feu rouge
38.20,80.9,0.0,SAFE,7,SAFE : Arrêt au feu rouge
38.25,80.9,0.0,SAFE,7,SAFE : Arrêt au feu rouge
38.30,80.9,0.0,SAFE,7,SAFE : Arrêt au feu rouge
38.35,80.9,0.0,SAFE,7,SAFE : Arrêt au feu rouge
38.40,80.9,0.0,SAFE,7,SAFE : Arrêt au feu rouge
38.45,80.9,0.0,SAFE,7,SAFE : Arrêt au feu rouge
38.50,80.9,0.0,SAFE,7,SAFE : Arrêt au feu rouge
38.55,80.9,0.0,SAFE,7,SAFE : Arrêt au feu rouge
38.60,80.9,0.0,SAFE,7,SAFE : Arrêt au feu rouge
38.65,80.9,0.0,SAFE,7,SAFE : Arrêt au feu rouge
38.70,80.9,0.0,SAFE,7,SAFE : Arrêt au feu rouge
38.75,80.9,0.0,SAFE,7,SAFE : Arrêt au feu rouge
38.80,80.9,0.0,SAFE,7,SAFE : Arrêt au feu rouge
38.85,80.9,0.0,SAFE,7,SAFE : Arrêt au feu rouge
38.90,80.9,0.0,SAFE,7,SAFE : Arrêt au feu rouge
38.95,80.9,0.0,SAFE,7,SAFE : Arrêt au feu rouge
39.00,80.9,0.0,SAFE,7,SAFE : Arrêt au feu rouge
39.05,80.9,0.0,SAFE,7,SAFE : Arrêt au feu rouge
39.10,80.9,0.0,SAFE,7,SAFE : Arrêt au feu rouge
39.15,80.9,0.0,SAFE,7,SAFE : Arrêt au feu rouge
39.20,80.9,0.0,SAFE,7,SAFE : Arrêt au feu rouge
39.25,80.9,0.0,SAFE,7,SAFE : Arrêt au feu rouge
39.30,80.9,0.0,SAFE,7,SAFE : Arrêt au feu rouge
39.35,80.9,0.0,SAFE,7,SAFE : Arrêt au feu rouge
39.40,80.9,0.0,SAFE,7,SAFE : Arrêt au feu rouge
39.45,80.9,0.0,SAFE,7,SAFE : Arrêt au feu rouge
39.50,80.9,0.0,SAFE,7,SAFE : Arrêt au feu rouge
39.55,80.9,0.0,SAFE,7,SAFE : Arrêt au feu rouge
39.60,80.9,0.0,SAFE,7,SAFE : Arrêt au feu rouge
39.65,80.9,0.0,SAFE,7,SAFE : Arrêt au feu rouge
39.70,80.9,0.0,SAFE,7,SAFE : Arrêt au feu rouge
39.75,80.9,0.0,SAFE,7,SAFE : Arrêt au feu rouge
39.80,80.9,0.0,SAFE,7,SAFE : Arrêt au feu rouge
39.85,80.9,0.0,SAFE,7,SAFE : Arrêt au feu rouge
39.90,80.9,0.0,SAFE,7,SAFE : Arrêt au feu rouge
39.95,80.9,0.0,SAFE,7,SAFE : Arrêt au feu rouge
40.00,80.9,0.0,SAFE,7,SAFE : Arrêt au feu rouge
40.05,80.9,0.0,SAFE,7,SAFE : Arrêt au feu rouge
40.10,80.9,0.0,SAFE,7,SAFE : Arrêt au feu rouge
40.15,80.9,0.0,SAFE,7,SAFE : Arrêt au feu rouge
40.20,80.9,0.0,SAFE,7,SAFE : Arrêt au feu rouge
40.25,80.9,0.0,SAFE,7,SAFE : Arrêt au feu rouge
40.30,80.9,0.0,SAFE,7,SAFE : Arrêt au feu rouge
40.35,80.9,0.0,SAFE,7,SAFE : Arrêt au feu rouge
40.40,80.9,0.0,SAFE,7,SAFE : Arrêt au feu rouge
40.45,80.9,0.0,SAFE,7,SAFE : Arrêt au feu rouge
40.50,80.9,0.0,SAFE,7,SAFE : Arrêt au feu rouge
40.55,80.9,0.0,SAFE,7,SAFE : Arrêt au feu rouge
40.60,80.9,0.0,SAFE,7,SAFE : Arrêt au feu rouge
40.65,80.9,0.0,SAFE,7,SAFE : Arrêt au feu rouge
40.70,80.9,0.0,SAFE,7,SAFE : Arrêt au feu rouge
40.75,80.9,0.0,SAFE,7,SAFE : Arrêt au feu rouge
40.80,80.9,0.0,SAFE,7,SAFE : Arrêt au feu rouge
40.85,80.9,0.0,SAFE,7,SAFE : Arrêt au feu rouge
40.90,80.9,0.0,SAFE,7,SAFE : Arrêt au feu rouge
40.95,80.9,0.0,SAFE,7,SAFE : Arrêt au feu rouge
41.00,80.9,0.0,SAFE,7,SAFE : Arrêt au feu rouge
41.05,80.9,0.0,SAFE,7,SAFE : Arrêt au feu rouge
41.10,80.9,0.0,SAFE,7,SAFE : Arrêt au feu rouge
41.15,80.9,0.0,SAFE,7,SAFE : Arrêt au feu rouge
41.20,80.9,0.0,SAFE,7,SAFE : Arrêt au feu rouge
41.25,80.9,0.0,SAFE,7,SAFE : Arrêt au feu rouge
41.30,80.9,0.0,SAFE,7,SAFE : Arrêt au feu rouge
41.35,80.9,0.0,SAFE,7,SAFE : Arrêt au feu rouge
41.40,80.9,0.0,SAFE,7,SAFE : Arrêt au feu rouge
41.45,80.9,0.0,SAFE,7,SAFE : Arrêt au feu rouge
41.50,80.9,0.0,SAFE,7,SAFE : Arrêt au feu rouge
41.55,80.9,0.0,SAFE,7,SAFE : Arrêt au feu rouge
41.60,80.9,0.0,SAFE,7,SAFE : Arrêt au feu rouge
41.65,80.9,0.0,SAFE,7,SAFE : Arrêt au feu rouge
41.70,80.9,0.0,SAFE,7,SAFE : Arrêt au feu rouge
41.75,80.9,0.0,SAFE,7,SAFE : Arrêt au feu rouge
41.80,80.9,0.0,SAFE,7,SAFE : Arrêt au feu rouge
41.85,80.9,0.0,SAFE,7,SAFE : Arrêt au feu rouge
41.90,80.9,0.0,SAFE,7,SAFE : Arrêt au feu rouge
41.95,80.9,0.0,SAFE,7,SAFE : Arrêt au feu rouge
42.00,80.9,0.0,SAFE,7,SAFE : Arrêt au feu rouge
42.05,80.9,0.0,SAFE,7,SAFE : Arrêt au feu rouge
42.10,80.9,0.0,SAFE,7,SAFE : Arrêt au feu rouge
42.15,80.9,0.0,SAFE,7,SAFE : Arrêt au feu rouge
42.20,80.9,0.0,SAFE,7,SAFE : Arrêt au feu rouge
42.25,80.9,0.0,SAFE,7,SAFE : Arrêt au feu rouge
42.30,80.9,0.0,SAFE,7,SAFE : Arrêt au feu rouge
42.35,80.9,0.0,SAFE,7,SAFE : Arrêt au feu rouge
42.40,80.9,0.0,SAFE,7,SAFE : Arrêt au feu rouge
42.45,80.9,0.0,SAFE,7,SAFE : Arrêt au feu rouge
42.50,80.9,0.0,SAFE,7,SAFE : Arrêt au feu rouge
42.55,80.9,0.0,SAFE,7,SAFE : Arrêt au feu rouge
42.60,80.9,0.0,SAFE,7,SAFE : Arrêt au feu rouge
42.65,80.9,0.0,SAFE,7,SAFE : Arrêt au feu rouge
42.70,80.9,0.0,SAFE,7,SAFE : Arrêt au feu rouge
42.75,80.9,0.0,SAFE,7,SAFE : Arrêt au feu rouge
42.80,80.9,0.0,SAFE,7,SAFE : Arrêt au feu rouge
42.85,80.9,0.0,SAFE,7,SAFE : Arrêt au feu rouge
42.90,80.9,0.0,SAFE,7,SAFE : Arrêt au feu rouge
42.95,80.9,0.0,SAFE,7,SAFE : Arrêt au feu rouge
43.00,80.9,0.0,SAFE,7,SAFE : Arrêt au feu rouge
43.05,80.9,0.0,SAFE,7,SAFE : Arrêt au feu rouge
43.10,80.9,0.0,SAFE,7,SAFE : Arrêt au feu rouge
43.15,80.9,0.0,SAFE,7,SAFE : Arrêt au feu rouge
43.20,80.9,0.0,SAFE,7,SAFE : Arrêt au feu rouge
43.25,80.9,0.0,SAFE,7,SAFE : Arrêt au feu rouge
43.30,80.9,0.0,SAFE,7,SAFE : Arrêt au feu rouge
43.35,80.9,0.0,SAFE,7,SAFE : Arrêt au feu rouge
43.40,80.9,0.0,SAFE,7,SAFE : Arrêt au feu rouge
43.45,80.9,0.0,SAFE,7,SAFE : Arrêt au feu rouge
43.50,80.9,0.0,SAFE,7,SAFE : Arrêt au feu rouge
43.55,80.9,0.0,SAFE,7,SAFE : Arrêt au feu rouge
43.60,80.9,0.0,SAFE,7,SAFE : Arrêt au feu rouge
43.65,80.9,0.0,SAFE,7,SAFE : Arrêt au feu rouge
43.70,80.9,0.0,SAFE,7,SAFE : Arrêt au feu rouge
43.75,80.9,0.0,SAFE,7,SAFE : Arrêt au feu rouge
43.80,80.9,0.0,SAFE,7,SAFE : Arrêt au feu rouge
43.85,80.9,0.0,SAFE,7,SAFE : Arrêt au feu rouge
43.90,80.9,0.0,SAFE,7,SAFE : Arrêt au feu rouge
43.95,80.9,0.0,SAFE,7,SAFE : Arrêt au feu rouge
44.00,80.9,0.0,SAFE,7,SAFE : Arrêt au feu rouge
44.05,80.9,0.0,SAFE,7,SAFE : Arrêt au feu rouge
44.10,80.9,0.0,SAFE,7,SAFE : Arrêt au feu rouge
44.15,80.9,0.0,SAFE,7,SAFE : Arrêt au feu rouge
44.20,80.9,0.0,SAFE,7,SAFE : Arrêt au feu rouge
44.25,80.9,0.0,SAFE,7,SAFE : Arrêt au feu rouge
44.30,80.9,0.0,SAFE,7,SAFE : Arrêt au feu rouge
44.35,80.9,0.0,SAFE,7,SAFE : Arrêt au feu rouge
44.40,80.9,0.0,SAFE,7,SAFE : Arrêt au feu rouge
44.45,80.9,0.0,SAFE,7,SAFE : Arrêt au feu rouge
44.50,80.9,0.0,SAFE,7,SAFE : Arrêt au feu rouge
44.55,80.9,0.0,SAFE,6,SAFE : Arrêt au feu rouge
44.60,80.9,0.0,SAFE,6,SAFE : Arrêt au feu rouge
44.65,80.9,0.0,SAFE,6,SAFE : Arrêt au feu rouge
44.70,80.9,0.0,SAFE,6,SAFE : Arrêt au feu rouge
44.75,80.9,0.0,SAFE,6,SAFE : Arrêt au feu rouge
44.80,80.9,0.0,SAFE,6,SAFE : Arrêt au feu rouge
44.85,80.9,0.0,SAFE,6,SAFE : Arrêt au feu rouge
44.90,80.9,0.0,SAFE,6,SAFE : Arrêt au feu rouge
44.95,80.9,0.0,SAFE,6,SAFE : Arrêt au feu rouge
45.00,80.9,0.0,SAFE,6,SAFE : Arrêt au feu rouge
45.05,80.9,0.0,SAFE,6,SAFE : Arrêt au feu rouge
45.10,80.9,0.0,SAFE,6,SAFE : Arrêt au feu rouge
45.15,80.9,0.0,SAFE,6,SAFE : Arrêt au feu rouge
45.20,80.9,0.0,SAFE,6,SAFE : Arrêt au feu rouge
45.25,80.9,0.0,SAFE,6,SAFE : Arrêt au feu rouge
45.30,80.9,0.0,SAFE,6,SAFE : Arrêt au feu rouge
45.35,80.9,0.0,SAFE,6,SAFE : Arrêt au feu rouge
45.40,80.9,0.0,SAFE,6,SAFE : Arrêt au feu rouge
45.45,80.9,0.0,SAFE,6,SAFE : Arrêt au feu rouge
45.50,80.9,0.0,SAFE,6,SAFE : Arrêt au feu rouge
45.55,80.9,0.0,SAFE,6,SAFE : Arrêt au feu rouge
45.60,80.9,0.0,SAFE,6,SAFE : Arrêt au feu rouge
45.65,80.9,0.0,SAFE,6,SAFE : Arrêt au feu rouge
45.70,80.9,0.0,SAFE,6,SAFE : Arrêt au feu rouge
45.75,80.9,0.0,SAFE,6,SAFE : Arrêt au feu rouge
45.80,80.9,0.0,SAFE,6,SAFE : Arrêt au feu rouge
45.85,80.9,0.0,SAFE,6,SAFE : Arrêt au feu rouge
45.90,80.9,0.0,SAFE,6,SAFE : Arrêt au feu rouge
45.95,80.9,0.0,SAFE,6,SAFE : Arrêt au feu rouge
46.00,80.9,0.0,SAFE,6,SAFE : Arrêt au feu rouge
46.05,80.9,0.0,SAFE,6,SAFE : Arrêt au feu rouge
46.10,80.9,0.0,SAFE,6,SAFE : Arrêt au feu rouge
46.15,80.9,0.0,SAFE,6,SAFE : Arrêt au feu rouge
46.20,80.9,0.0,SAFE,6,SAFE : Arrêt au feu rouge
46.25,80.9,0.0,SAFE,6,SAFE : Arrêt au feu rouge
46.30,80.9,0.0,SAFE,6,SAFE : Arrêt au feu rouge
46.35,80.9,0.0,SAFE,6,SAFE : Arrêt au feu rouge
46.40,80.9,0.0,SAFE,6,SAFE : Arrêt au feu rouge
46.45,80.9,0.0,SAFE,6,SAFE : Arrêt au feu rouge
46.50,80.9,0.0,SAFE,6,SAFE : Arrêt au feu rouge
46.55,80.9,0.0,SAFE,5,SAFE : Arrêt au feu rouge
46.60,80.9,0.0,SAFE,5,SAFE : Arrêt au feu rouge
46.65,80.9,0.0,SAFE,5,SAFE : Arrêt au feu rouge
46.70,80.9,0.0,SAFE,5,SAFE : Arrêt au feu rouge
46.75,80.9,0.0,SAFE,5,SAFE : Arrêt au feu rouge
46.80,80.9,0.0,SAFE,5,SAFE : Arrêt au feu rouge
46.85,80.9,0.0,SAFE,5,SAFE : Arrêt au feu rouge
46.90,80.9,0.0,SAFE,5,SAFE : Arrêt au feu rouge
46.95,80.9,0.0,SAFE,5,SAFE : Arrêt au feu rouge
47.00,80.9,0.0,SAFE,5,SAFE : Arrêt au feu rouge
47.05,80.9,0.0,SAFE,5,SAFE : Arrêt au feu rouge
47.10,80.9,0.0,SAFE,5,SAFE : Arrêt au feu rouge
47.15,80.9,0.0,SAFE,5,SAFE : Arrêt au feu rouge
47.20,80.9,0.0,SAFE,5,SAFE : Arrêt au feu rouge
47.25,80.9,0.0,SAFE,5,SAFE : Arrêt au feu rouge
47.30,80.9,0.0,SAFE,5,SAFE : Arrêt au feu rouge
47.35,80.9,0.0,SAFE,5,SAFE : Arrêt au feu rouge
47.40,80.9,0.0,SAFE,5,SAFE : Arrêt au feu rouge
47.45,80.9,0.0,SAFE,5,SAFE : Arrêt au feu rouge
47.50,80.9,0.0,SAFE,5,SAFE : Arrêt au feu rouge
47.55,80.9,0.0,SAFE,5,SAFE : Arrêt au feu rouge
47.60,80.9,0.0,SAFE,5,SAFE : Arrêt au feu rouge
47.65,80.9,0.0,SAFE,5,SAFE : Arrêt au feu rouge
47.70,80.9,0.0,SAFE,5,SAFE : Arrêt au feu rouge
47.75,80.9,0.0,SAFE,5,SAFE : Arrêt au feu rouge
47.80,80.9,0.0,SAFE,5,SAFE : Arrêt au feu rouge
47.85,80.9,0.0,SAFE,5,SAFE : Arrêt au feu rouge
47.90,80.9,0.0,SAFE,5,SAFE : Arrêt au feu rouge
47.95,80.9,0.0,SAFE,5,SAFE : Arrêt au feu rouge
48.00,80.9,0.0,SAFE,5,SAFE : Arrêt au feu rouge
48.05,80.9,0.0,SAFE,5,SAFE : Arrêt au feu rouge
48.10,80.9,0.0,SAFE,5,SAFE : Arrêt au feu rouge
48.15,80.9,0.0,SAFE,5,SAFE : Arrêt au feu rouge
48.20,80.9,0.0,SAFE,5,SAFE : Arrêt au feu rouge
48.25,80.9,0.0,SAFE,5,SAFE : Arrêt au feu rouge
48.30,80.9,0.0,SAFE,5,SAFE : Arrêt au feu rouge
48.35,80.9,0.0,SAFE,5,SAFE : Arrêt au feu rouge
48.40,80.9,0.0,SAFE,5,SAFE : Arrêt au feu rouge
48.45,80.9,0.0,SAFE,5,SAFE : Arrêt au feu rouge
48.50,80.9,0.0,SAFE,5,SAFE : Arrêt au feu rouge
48.55,80.9,0.0,SAFE,5,SAFE : Arrêt au feu rouge
48.60,80.9,0.0,SAFE,5,SAFE : Arrêt au feu rouge
48.65,80.9,0.0,SAFE,5,SAFE : Arrêt au feu rouge
48.70,80.9,0.0,SAFE,5,SAFE : Arrêt au feu rouge
48.75,80.9,0.0,SAFE,5,SAFE : Arrêt au feu rouge
48.80,80.9,0.0,SAFE,5,SAFE : Arrêt au feu rouge
48.85,80.9,0.0,SAFE,5,SAFE : Arrêt au feu rouge
48.90,80.9,0.0,SAFE,5,SAFE : Arrêt au feu rouge
48.95,80.9,0.0,SAFE,5,SAFE : Arrêt au feu rouge
49.00,80.9,0.0,SAFE,5,SAFE : Arrêt au feu rouge
49.05,80.9,0.0,SAFE,4,SAFE : Arrêt au feu rouge
49.10,80.9,0.0,SAFE,4,SAFE : Arrêt au feu rouge
49.15,80.9,0.0,SAFE,4,SAFE : Arrêt au feu rouge
49.20,80.9,0.0,SAFE,4,SAFE : Arrêt au feu rouge
49.25,80.9,0.0,SAFE,4,SAFE : Arrêt au feu rouge
49.30,80.9,0.0,SAFE,5,SAFE : Arrêt au feu rouge
49.35,80.9,0.0,SAFE,5,SAFE : Arrêt au feu rouge
49.40,80.9,0.0,SAFE,5,SAFE : Arrêt au feu rouge
49.45,80.9,0.0,SAFE,5,SAFE : Arrêt au feu rouge
49.50,80.9,0.0,SAFE,5,SAFE : Arrêt au feu rouge
49.55,80.9,0.0,SAFE,5,SAFE : Arrêt au feu rouge
49.60,80.9,0.0,SAFE,5,SAFE : Arrêt au feu rouge
49.65,80.9,0.0,SAFE,5,SAFE : Arrêt au feu rouge
49.70,80.9,0.0,SAFE,5,SAFE : Arrêt au feu rouge
49.75,80.9,0.0,SAFE,5,SAFE : Arrêt au feu rouge
49.80,80.9,0.0,SAFE,5,SAFE : Arrêt au feu rouge
49.85,80.9,0.0,SAFE,5,SAFE : Arrêt au feu rouge
49.90,80.9,0.0,SAFE,5,SAFE : Arrêt au feu rouge
49.95,80.9,0.0,SAFE,5,SAFE : Arrêt au feu rouge
50.00,80.9,0.0,SAFE,5,SAFE : Arrêt au feu rouge
50.05,80.9,0.0,SAFE,5,SAFE : Arrêt au feu rouge
50.10,80.9,0.0,SAFE,5,SAFE : Arrêt au feu rouge
50.15,80.9,0.0,SAFE,5,SAFE : Arrêt au feu rouge
50.20,80.9,0.0,SAFE,5,SAFE : Arrêt au feu rouge
50.25,80.9,0.0,SAFE,5,SAFE : Arrêt au feu rouge
50.30,80.9,0.0,SAFE,5,SAFE : Arrêt au feu rouge
50.35,80.9,0.0,SAFE,5,SAFE : Arrêt au feu rouge
50.40,80.9,0.0,SAFE,5,SAFE : Arrêt au feu rouge
50.45,80.9,0.0,SAFE,5,SAFE : Arrêt au feu rouge
50.50,80.9,0.0,SAFE,5,SAFE : Arrêt au feu rouge
50.55,80.9,0.0,SAFE,5,SAFE : Arrêt au feu rouge
50.60,80.9,0.0,SAFE,5,SAFE : Arrêt au feu rouge
50.65,80.9,0.0,SAFE,5,SAFE : Arrêt au feu rouge
50.70,80.9,0.0,SAFE,5,SAFE : Arrêt au feu rouge
50.75,80.9,0.0,SAFE,5,SAFE : Arrêt au feu rouge
50.80,80.9,0.0,SAFE,5,SAFE : Arrêt au feu rouge
50.85,80.9,0.0,SAFE,5,SAFE : Arrêt au feu rouge
50.90,80.9,0.0,SAFE,5,SAFE : Arrêt au feu rouge
50.95,80.9,0.0,SAFE,5,SAFE : Arrêt au feu rouge
51.00,80.9,0.0,SAFE,5,SAFE : Arrêt au feu rouge
51.05,80.9,0.0,SAFE,5,SAFE : Arrêt au feu rouge
51.10,80.9,0.0,SAFE,5,SAFE : Arrêt au feu rouge
51.15,80.9,0.0,SAFE,5,SAFE : Arrêt au feu rouge
51.20,80.9,0.0,SAFE,5,SAFE : Arrêt au feu rouge
51.25,80.9,0.0,SAFE,5,SAFE : Arrêt au feu rouge
51.30,80.9,0.0,SAFE,5,SAFE : Arrêt au feu rouge
51.35,80.9,0.0,SAFE,5,SAFE : Arrêt au feu rouge
51.40,80.9,0.0,SAFE,5,SAFE : Arrêt au feu rouge
51.45,80.9,0.0,SAFE,5,SAFE : Arrêt au feu rouge
51.50,80.9,0.0,SAFE,5,SAFE : Arrêt au feu rouge
51.55,80.9,0.0,SAFE,5,SAFE : Arrêt au feu rouge
51.60,80.9,0.0,SAFE,5,SAFE : Arrêt au feu rouge
51.65,80.9,0.0,SAFE,5,SAFE : Arrêt au feu rouge
51.70,80.9,0.0,SAFE,5,SAFE : Arrêt au feu rouge
51.75,80.9,0.0,SAFE,5,SAFE : Arrêt au feu rouge
51.80,80.9,0.0,SAFE,5,SAFE : Arrêt au feu rouge
51.85,80.9,0.0,SAFE,5,SAFE : Arrêt au feu rouge
51.90,80.9,0.0,SAFE,5,SAFE : Arrêt au feu rouge
51.95,80.9,0.0,SAFE,5,SAFE : Arrêt au feu rouge
52.00,80.9,0.0,SAFE,5,SAFE : Arrêt au feu rouge
52.05,80.9,0.0,SAFE,5,SAFE : Arrêt au feu rouge
52.10,80.9,0.0,SAFE,5,SAFE : Arrêt au feu rouge
52.15,80.9,0.0,SAFE,5,SAFE : Arrêt au feu rouge
52.20,80.9,0.0,SAFE,4,SAFE : Arrêt au feu rouge
52.25,80.9,0.0,SAFE,4,SAFE : Arrêt au feu rouge
52.30,80.9,0.0,SAFE,4,SAFE : Arrêt au feu rouge
52.35,80.9,0.0,SAFE,4,SAFE : Arrêt au feu rouge
52.40,80.9,0.0,SAFE,4,SAFE : Arrêt au feu rouge
52.45,80.9,0.0,SAFE,4,SAFE : Arrêt au feu rouge
52.50,80.9,0.0,SAFE,4,SAFE : Arrêt au feu rouge
52.55,80.9,0.0,SAFE,4,SAFE : Arrêt au feu rouge
52.60,80.9,0.0,SAFE,4,SAFE : Arrêt au feu rouge
52.65,80.9,0.0,SAFE,4,SAFE : Arrêt au feu rouge
52.70,80.9,0.0,SAFE,4,SAFE : Arrêt au feu rouge
52.75,80.9,0.0,SAFE,4,SAFE : Arrêt au feu rouge
52.80,80.9,0.0,SAFE,4,SAFE : Arrêt au feu rouge
52.85,80.9,0.0,SAFE,4,SAFE : Arrêt au feu rouge
52.90,80.9,0.0,SAFE,4,SAFE : Arrêt au feu rouge
52.95,80.9,0.0,SAFE,4,SAFE : Arrêt au feu rouge
53.00,80.9,0.0,SAFE,4,SAFE : Arrêt au feu rouge
53.05,80.9,0.0,SAFE,4,SAFE : Arrêt au feu rouge
53.10,80.9,0.0,SAFE,4,SAFE : Arrêt au feu rouge
53.15,80.9,0.0,SAFE,4,SAFE : Arrêt au feu rouge
53.20,80.9,0.0,SAFE,4,SAFE : Arrêt au feu rouge
53.25,80.9,0.0,SAFE,3,SAFE : Arrêt au feu rouge
53.30,80.9,0.0,SAFE,3,SAFE : Arrêt au feu rouge
53.35,80.9,0.0,SAFE,3,SAFE : Arrêt au feu rouge
53.40,80.9,0.0,SAFE,3,SAFE : Arrêt au feu rouge
53.45,80.9,0.0,SAFE,3,SAFE : Arrêt au feu rouge
53.50,80.9,0.0,SAFE,3,SAFE : Arrêt au feu rouge
53.55,80.9,0.0,SAFE,3,SAFE : Arrêt au feu rouge
53.60,80.9,0.0,SAFE,3,SAFE : Arrêt au feu rouge
53.65,80.9,0.0,SAFE,3,SAFE : Arrêt au feu rouge
53.70,80.9,0.0,SAFE,3,SAFE : Arrêt au feu rouge
53.75,80.9,0.0,SAFE,3,SAFE : Arrêt au feu rouge
53.80,80.9,0.0,SAFE,3,SAFE : Arrêt au feu rouge
53.85,80.9,0.0,SAFE,3,SAFE : Arrêt au feu rouge
53.90,80.9,0.0,SAFE,3,SAFE : Arrêt au feu rouge
53.95,80.9,0.0,SAFE,3,SAFE : Arrêt au feu rouge
54.00,80.9,0.0,SAFE,3,SAFE : Arrêt au feu rouge
54.05,80.9,0.0,SAFE,3,SAFE : Arrêt au feu rouge
54.10,80.9,0.0,SAFE,3,SAFE : Arrêt au feu rouge
54.15,80.9,0.0,SAFE,3,SAFE : Arrêt au feu rouge
54.20,80.9,0.0,SAFE,3,SAFE : Arrêt au feu rouge
54.25,80.9,0.0,SAFE,3,SAFE : Arrêt au feu rouge
54.30,80.9,0.0,SAFE,3,SAFE : Arrêt au feu rouge
54.35,80.9,0.0,SAFE,3,SAFE : Arrêt au feu rouge
54.40,80.9,0.0,SAFE,3,SAFE : Arrêt au feu rouge
54.45,80.9,0.0,SAFE,3,SAFE : Arrêt au feu rouge
54.50,80.9,0.0,SAFE,3,SAFE : Arrêt au feu rouge
54.55,80.9,0.0,SAFE,3,SAFE : Arrêt au feu rouge
54.60,80.9,0.0,SAFE,3,SAFE : Arrêt au feu rouge
54.65,80.9,0.0,SAFE,3,SAFE : Arrêt au feu rouge
54.70,80.9,0.0,SAFE,3,SAFE : Arrêt au feu rouge
54.75,80.9,0.0,SAFE,3,SAFE : Arrêt au feu rouge
54.80,80.9,0.0,SAFE,3,SAFE : Arrêt au feu rouge
54.85,80.9,0.0,SAFE,3,SAFE : Arrêt au feu rouge
54.90,80.9,0.0,SAFE,3,SAFE : Arrêt au feu rouge
54.95,80.9,0.0,SAFE,3,SAFE : Arrêt au feu rouge
55.00,80.9,0.0,SAFE,3,SAFE : Arrêt au feu rouge
55.05,80.9,0.0,SAFE,3,SAFE : Arrêt au feu rouge
55.10,80.9,0.0,SAFE,3,SAFE : Arrêt au feu rouge
55.15,80.9,0.0,SAFE,3,SAFE : Arrêt au feu rouge
55.20,80.9,0.0,SAFE,3,SAFE : Arrêt au feu rouge
55.25,80.9,0.0,SAFE,3,SAFE : Arrêt au feu rouge
55.30,80.9,0.0,SAFE,3,SAFE : Arrêt au feu rouge
55.35,80.9,0.0,SAFE,3,SAFE : Arrêt au feu rouge
55.40,80.9,0.0,SAFE,3,SAFE : Arrêt au feu rouge
55.45,80.9,0.0,SAFE,3,SAFE : Arrêt au feu rouge
55.50,80.9,0.0,SAFE,3,SAFE : Arrêt au feu rouge
55.55,80.9,0.0,SAFE,3,SAFE : Arrêt au feu rouge
55.60,80.9,0.0,SAFE,3,SAFE : Arrêt au feu rouge
55.65,80.9,0.0,SAFE,3,SAFE : Arrêt au feu rouge
55.70,80.9,0.0,SAFE,3,SAFE : Arrêt au feu rouge
55.75,80.9,0.0,SAFE,3,SAFE : Arrêt au feu rouge
55.80,80.9,0.0,SAFE,3,SAFE : Arrêt au feu rouge
55.85,80.9,0.0,SAFE,3,SAFE : Arrêt au feu rouge
55.90,80.9,0.0,SAFE,3,SAFE : Arrêt au feu rouge
55.95,80.9,0.0,SAFE,3,SAFE : Arrêt au feu rouge
56.00,80.9,0.0,SAFE,4,SAFE : Arrêt au feu rouge
56.05,80.9,0.0,SAFE,4,SAFE : Arrêt au feu rouge
56.10,80.9,0.0,SAFE,4,SAFE : Arrêt au feu rouge
56.15,80.9,0.0,SAFE,4,SAFE : Arrêt au feu rouge
56.20,80.9,0.0,SAFE,4,SAFE : Arrêt au feu rouge
56.25,80.9,0.0,SAFE,4,SAFE : Arrêt au feu rouge
56.30,80.9,0.0,SAFE,4,SAFE : Arrêt au feu rouge
56.35,80.9,0.0,SAFE,4,SAFE : Arrêt au feu rouge
56.40,80.9,0.0,SAFE,4,SAFE : Arrêt au feu rouge
56.45,80.9,0.0,SAFE,4,SAFE : Arrêt au feu rouge
56.50,80.9,0.0,SAFE,4,SAFE : Arrêt au feu rouge
56.55,80.9,0.0,SAFE,4,SAFE : Arrêt au feu rouge
56.60,80.9,0.0,SAFE,4,SAFE : Arrêt au feu rouge
56.65,80.9,0.0,SAFE,4,SAFE : Arrêt au feu rouge
56.70,80.9,0.0,SAFE,4,SAFE : Arrêt au feu rouge
56.75,80.9,0.0,SAFE,4,SAFE : Arrêt au feu rouge
56.80,80.9,0.0,SAFE,4,SAFE : Arrêt au feu rouge
56.85,80.9,0.0,SAFE,4,SAFE : Arrêt au feu rouge
56.90,80.9,0.0,SAFE,4,SAFE : Arrêt au feu rouge
56.95,80.9,0.0,SAFE,4,SAFE : Arrêt au feu rouge
57.00,80.9,0.0,SAFE,5,SAFE : Arrêt au feu rouge
57.05,80.9,0.0,SAFE,5,SAFE : Arrêt au feu rouge
57.10,80.9,0.0,SAFE,5,SAFE : Arrêt au feu rouge
57.15,80.9,0.0,SAFE,5,SAFE : Arrêt au feu rouge
57.20,80.9,0.0,SAFE,5,SAFE : Arrêt au feu rouge
57.25,80.9,0.0,SAFE,5,SAFE : Arrêt au feu rouge
57.30,80.9,0.0,SAFE,5,SAFE : Arrêt au feu rouge
57.35,80.9,0.0,SAFE,5,SAFE : Arrêt au feu rouge
57.40,80.9,0.0,SAFE,5,SAFE : Arrêt au feu rouge
57.45,80.9,0.0,SAFE,5,SAFE : Arrêt au feu rouge
57.50,80.9,0.0,SAFE,5,SAFE : Arrêt au feu rouge
57.55,80.9,0.0,SAFE,5,SAFE : Arrêt au feu rouge
57.60,80.9,0.0,SAFE,5,SAFE : Arrêt au feu rouge
57.65,80.9,0.0,SAFE,5,SAFE : Arrêt au feu rouge
57.70,80.9,0.0,SAFE,5,SAFE : Arrêt au feu rouge
57.75,80.9,0.0,SAFE,5,SAFE : Arrêt au feu rouge
57.80,80.9,0.0,SAFE,5,SAFE : Arrêt au feu rouge
57.85,80.9,0.0,SAFE,5,SAFE : Arrêt au feu rouge
57.90,80.9,0.0,SAFE,5,SAFE : Arrêt au feu rouge
57.95,80.9,0.0,SAFE,5,SAFE : Arrêt au feu rouge
58.00,80.9,0.0,SAFE,5,SAFE : Arrêt au feu rouge
58.05,80.9,0.0,SAFE,5,SAFE : Arrêt au feu rouge
58.10,80.9,0.0,SAFE,5,SAFE : Arrêt au feu rouge
58.15,80.9,0.0,SAFE,5,SAFE : Arrêt au feu rouge
58.20,80.9,0.0,SAFE,5,SAFE : Arrêt au feu rouge
58.25,80.9,0.0,SAFE,5,SAFE : Arrêt au feu rouge
58.30,80.9,0.0,SAFE,5,SAFE : Arrêt au feu rouge
58.35,80.9,0.0,SAFE,5,SAFE : Arrêt au feu rouge
58.40,80.9,0.0,SAFE,5,SAFE : Arrêt au feu rouge
58.45,80.9,0.0,SAFE,5,SAFE : Arrêt au feu rouge
58.50,80.9,0.0,SAFE,5,SAFE : Arrêt au feu rouge
58.55,80.9,0.0,SAFE,5,SAFE : Arrêt au feu rouge
58.60,80.9,0.0,SAFE,5,SAFE : Arrêt au feu rouge
58.65,80.9,0.0,SAFE,5,SAFE : Arrêt au feu rouge
58.70,80.9,0.0,SAFE,5,SAFE : Arrêt au feu rouge
58.75,80.9,0.0,SAFE,5,SAFE : Arrêt au feu rouge
58.80,80.9,0.0,SAFE,5,SAFE : Arrêt au feu rouge
58.85,80.9,0.0,SAFE,5,SAFE : Arrêt au feu rouge
58.90,80.9,0.0,SAFE,5,SAFE : Arrêt au feu rouge
58.95,80.9,0.0,SAFE,5,SAFE : Arrêt au feu rouge
59.00,80.9,0.0,SAFE,6,SAFE : Arrêt au feu rouge
59.05,80.9,0.0,SAFE,6,SAFE : Arrêt au feu rouge
59.10,80.9,0.0,SAFE,6,SAFE : Arrêt au feu rouge
59.15,80.9,0.0,SAFE,6,SAFE : Arrêt au feu rouge
59.20,80.9,0.0,SAFE,6,SAFE : Arrêt au feu rouge
59.25,80.9,0.0,SAFE,6,SAFE : Arrêt au feu rouge
59.30,80.9,0.0,SAFE,6,SAFE : Arrêt au feu rouge
59.35,80.9,0.0,SAFE,6,SAFE : Arrêt au feu rouge
59.40,80.9,0.0,SAFE,6,SAFE : Arrêt au feu rouge
59.45,80.9,0.0,SAFE,6,SAFE : Arrêt au feu rouge
59.50,80.9,0.0,SAFE,6,SAFE : Arrêt au feu rouge
59.55,80.9,0.0,SAFE,6,SAFE : Arrêt au feu rouge
59.60,80.9,0.0,SAFE,6,SAFE : Arrêt au feu rouge
59.65,80.9,0.0,SAFE,6,SAFE : Arrêt au feu rouge
59.70,80.9,0.0,SAFE,6,SAFE : Arrêt au feu rouge
59.75,80.9,0.0,SAFE,6,SAFE : Arrêt au feu rouge
59.80,80.9,0.0,SAFE,6,SAFE : Arrêt au feu rouge
59.85,80.9,0.0,SAFE,6,SAFE : Arrêt au feu rouge
59.90,80.9,0.0,SAFE,6,SAFE : Arrêt au feu rouge
59.95,80.9,0.0,SAFE,5,SAFE : Arrêt au feu rouge
60.00,80.9,0.0,SAFE,5,SAFE : Arrêt au feu rouge
60.05,80.9,0.0,SAFE,5,SAFE : Arrêt au feu rouge
60.10,80.9,0.0,SAFE,5,SAFE : Arrêt au feu rouge
60.15,80.9,0.0,SAFE,5,SAFE : Arrêt au feu rouge
60.20,80.9,0.0,SAFE,5,SAFE : Arrêt au feu rouge
60.25,80.9,0.0,SAFE,5,SAFE : Arrêt au feu rouge
60.30,80.9,0.0,SAFE,5,SAFE : Arrêt au feu rouge
60.35,80.9,0.0,SAFE,5,SAFE : Arrêt au feu rouge
60.40,80.9,0.0,SAFE,5,SAFE : Arrêt au feu rouge
60.45,80.9,0.0,SAFE,5,SAFE : Arrêt au feu rouge
60.50,80.9,0.0,SAFE,5,SAFE : Arrêt au feu rouge
60.55,80.9,0.0,SAFE,5,SAFE : Arrêt au feu rouge
60.60,80.9,0.0,SAFE,5,SAFE : Arrêt au feu rouge
60.65,80.9,0.0,SAFE,5,SAFE : Arrêt au feu rouge
60.70,80.9,0.0,SAFE,5,SAFE : Arrêt au feu rouge
60.75,80.9,0.0,SAFE,5,SAFE : Arrêt au feu rouge
60.80,80.9,0.0,SAFE,5,SAFE : Arrêt au feu rouge
60.85,80.9,0.0,SAFE,5,SAFE : Arrêt au feu rouge
60.90,80.9,0.0,SAFE,5,SAFE : Arrêt au feu rouge
60.95,80.9,0.0,SAFE,5,SAFE : Arrêt au feu rouge
61.00,80.9,0.0,SAFE,5,SAFE : Arrêt au feu rouge
61.05,80.9,0.0,SAFE,5,SAFE : Arrêt au feu rouge
61.10,80.9,0.0,SAFE,5,SAFE : Arrêt au feu rouge
61.15,80.9,0.0,SAFE,5,SAFE : Arrêt au feu rouge
61.20,80.9,0.0,SAFE,5,SAFE : Arrêt au feu rouge
61.25,80.9,0.0,SAFE,5,SAFE : Arrêt au feu rouge
61.30,80.9,0.0,SAFE,6,SAFE : Arrêt au feu rouge
61.35,80.9,0.0,SAFE,6,SAFE : Arrêt au feu rouge
61.40,80.9,0.0,SAFE,6,SAFE : Arrêt au feu rouge
61.45,80.9,0.0,SAFE,6,SAFE : Arrêt au feu rouge
61.50,80.9,0.0,SAFE,6,SAFE : Arrêt au feu rouge
61.55,80.9,0.0,SAFE,6,SAFE : Arrêt au feu rouge
61.60,80.9,0.0,SAFE,6,SAFE : Arrêt au feu rouge
61.65,80.9,0.0,SAFE,6,SAFE : Arrêt au feu rouge
61.70,80.9,0.0,SAFE,6,SAFE : Arrêt au feu rouge
61.75,80.9,0.0,SAFE,6,SAFE : Arrêt au feu rouge
61.80,80.9,0.0,SAFE,6,SAFE : Arrêt au feu rouge
61.85,80.9,0.0,SAFE,6,SAFE : Arrêt au feu rouge
61.90,80.9,0.0,SAFE,6,SAFE : Arrêt au feu rouge
61.95,80.9,0.0,SAFE,6,SAFE : Arrêt au feu rouge
62.00,80.9,0.0,SAFE,6,SAFE : Arrêt au feu rouge
62.05,80.9,0.0,SAFE,6,SAFE : Arrêt au feu rouge
62.10,80.9,0.0,SAFE,5,SAFE : Arrêt au feu rouge
62.15,80.9,0.0,SAFE,5,SAFE : Arrêt au feu rouge
62.20,80.9,0.0,SAFE,5,SAFE : Arrêt au feu rouge
62.25,80.9,0.0,SAFE,5,SAFE : Arrêt au feu rouge
62.30,80.9,0.0,SAFE,5,SAFE : Arrêt au feu rouge
62.35,80.9,0.0,SAFE,5,SAFE : Arrêt au feu rouge
62.40,80.9,0.0,SAFE,5,SAFE : Arrêt au feu rouge
62.45,80.9,0.0,SAFE,5,SAFE : Arrêt au feu rouge
62.50,80.9,0.0,SAFE,5,SAFE : Arrêt au feu rouge
62.55,80.9,0.0,SAFE,6,SAFE : Arrêt au feu rouge
62.60,80.9,0.0,SAFE,6,SAFE : Arrêt au feu rouge
62.65,80.9,0.0,SAFE,6,SAFE : Arrêt au feu rouge
62.70,80.9,0.0,SAFE,6,SAFE : Arrêt au feu rouge
62.75,80.9,0.0,SAFE,6,SAFE : Arrêt au feu rouge
62.80,80.9,0.0,SAFE,6,SAFE : Arrêt au feu rouge
62.85,80.9,0.0,SAFE,6,SAFE : Arrêt au feu rouge
62.90,80.9,0.0,SAFE,6,SAFE : Arrêt au feu rouge
62.95,80.9,0.0,SAFE,6,SAFE : Arrêt au feu rouge
63.00,80.9,0.0,SAFE,6,SAFE : Arrêt au feu rouge
63.05,80.9,0.0,SAFE,6,SAFE : Arrêt au feu rouge
63.10,80.9,0.0,SAFE,6,SAFE : Arrêt au feu rouge
63.15,80.9,0.0,SAFE,6,SAFE : Arrêt au feu rouge
63.20,80.9,0.0,SAFE,6,SAFE : Arrêt au feu rouge
63.25,80.9,0.0,SAFE,6,SAFE : Arrêt au feu rouge
63.30,80.9,0.0,SAFE,6,SAFE : Arrêt au feu rouge
63.35,80.9,0.0,SAFE,6,SAFE : Arrêt au feu rouge
63.40,80.9,0.0,SAFE,6,SAFE : Arrêt au feu rouge
63.45,80.9,0.0,SAFE,6,SAFE : Arrêt au feu rouge
63.50,80.9,0.0,SAFE,6,SAFE : Arrêt au feu rouge
63.55,80.9,0.0,SAFE,6,SAFE : Arrêt au feu rouge
63.60,80.9,0.0,SAFE,6,SAFE : Arrêt au feu rouge
63.65,80.9,0.0,SAFE,6,SAFE : Arrêt au feu rouge
63.70,80.9,0.0,SAFE,6,SAFE : Arrêt au feu rouge
63.75,80.9,0.0,SAFE,6,SAFE : Arrêt au feu rouge
63.80,80.9,0.0,SAFE,6,SAFE : Arrêt au feu rouge
63.85,80.9,0.0,SAFE,6,SAFE : Arrêt au feu rouge
63.90,80.9,0.0,SAFE,6,SAFE : Arrêt au feu rouge
63.95,80.9,0.0,SAFE,6,SAFE : Arrêt au feu rouge
64.00,80.9,0.0,SAFE,6,SAFE : Arrêt au feu rouge
64.05,80.9,0.0,SAFE,6,SAFE : Arrêt au feu rouge
64.10,80.9,0.0,SAFE,6,SAFE : Arrêt au feu rouge
64.15,80.9,0.0,SAFE,6,SAFE : Arrêt au feu rouge
64.20,80.9,0.0,SAFE,6,SAFE : Arrêt au feu rouge
64.25,80.9,0.0,SAFE,6,SAFE : Arrêt au feu rouge
64.30,80.9,0.0,SAFE,6,SAFE : Arrêt au feu rouge
64.35,80.9,0.0,SAFE,6,SAFE : Arrêt au feu rouge
64.40,80.9,0.0,SAFE,6,SAFE : Arrêt au feu rouge
64.45,80.9,0.0,SAFE,6,SAFE : Arrêt au feu rouge
64.50,80.9,0.0,SAFE,6,SAFE : Arrêt au feu rouge
64.55,80.9,0.0,SAFE,6,SAFE : Arrêt au feu rouge
64.60,80.9,0.0,SAFE,6,SAFE : Arrêt au feu rouge
64.65,80.9,0.0,SAFE,6,SAFE : Arrêt au feu rouge
64.70,80.9,0.0,SAFE,6,SAFE : Arrêt au feu rouge
64.75,80.9,0.0,SAFE,6,SAFE : Arrêt au feu rouge
64.80,80.9,0.0,SAFE,6,SAFE : Arrêt au feu rouge
64.85,80.9,0.0,SAFE,6,SAFE : Arrêt au feu rouge
64.90,80.9,0.0,SAFE,6,SAFE : Arrêt au feu rouge
64.95,80.9,0.0,SAFE,6,SAFE : Arrêt au feu rouge
65.00,80.9,0.0,SAFE,6,SAFE : Arrêt au feu rouge
65.05,80.9,0.0,SAFE,6,SAFE : Arrêt au feu rouge
65.10,80.9,0.0,SAFE,6,SAFE : Arrêt au feu rouge
65.15,80.9,0.0,SAFE,6,SAFE : Arrêt au feu rouge
65.20,80.9,0.0,SAFE,6,SAFE : Arrêt au feu rouge
65.25,80.9,0.0,SAFE,6,SAFE : Arrêt au feu rouge
65.30,80.9,0.0,SAFE,6,SAFE : Arrêt au feu rouge
65.35,80.9,0.0,SAFE,5,SAFE : Arrêt au feu rouge
65.40,80.9,0.0,SAFE,5,SAFE : Arrêt au feu rouge
65.45,80.9,0.0,SAFE,5,SAFE : Arrêt au feu rouge
65.50,80.9,0.0,SAFE,5,SAFE : Arrêt au feu rouge
65.55,80.9,0.0,SAFE,5,SAFE : Arrêt au feu rouge
65.60,80.9,0.0,SAFE,5,SAFE : Arrêt au feu rouge
65.65,80.9,0.0,SAFE,5,SAFE : Arrêt au feu rouge
65.70,80.9,0.0,SAFE,5,SAFE : Arrêt au feu rouge
65.75,80.9,0.0,SAFE,5,SAFE : Arrêt au feu rouge
65.80,80.9,0.0,SAFE,5,SAFE : Arrêt au feu rouge
65.85,80.9,0.0,SAFE,5,SAFE : Arrêt au feu rouge
65.90,80.9,0.0,SAFE,5,SAFE : Arrêt au feu rouge
65.95,80.9,0.0,SAFE,5,SAFE : Arrêt au feu rouge
66.00,80.9,0.0,SAFE,5,SAFE : Arrêt au feu rouge
66.05,80.9,0.0,SAFE,5,SAFE : Arrêt au feu rouge
66.10,80.9,0.0,SAFE,5,SAFE : Arrêt au feu rouge
66.15,80.9,0.0,SAFE,5,SAFE : Arrêt au feu rouge
66.20,80.9,0.0,SAFE,5,SAFE : Arrêt au feu rouge
66.25,80.9,0.0,SAFE,5,SAFE : Arrêt au feu rouge
66.30,80.9,0.0,SAFE,5,SAFE : Arrêt au feu rouge
66.35,80.9,0.0,SAFE,5,SAFE : Arrêt au feu rouge
66.40,80.9,0.0,SAFE,5,SAFE : Arrêt au feu rouge
66.45,80.9,0.0,SAFE,5,SAFE : Arrêt au feu rouge
66.50,80.9,0.0,SAFE,5,SAFE : Arrêt au feu rouge
66.55,80.9,0.0,SAFE,5,SAFE : Arrêt au feu rouge
66.60,80.9,0.0,SAFE,5,SAFE : Arrêt au feu rouge
66.65,80.9,0.0,SAFE,5,SAFE : Arrêt au feu rouge
66.70,80.9,0.0,SAFE,5,SAFE : Arrêt au feu rouge
66.75,80.9,0.0,SAFE,5,SAFE : Arrêt au feu rouge
66.80,80.9,0.0,SAFE,5,SAFE : Arrêt au feu rouge
66.85,80.9,0.0,SAFE,5,SAFE : Arrêt au feu rouge
66.90,80.9,0.0,SAFE,5,SAFE : Arrêt au feu rouge
66.95,80.9,0.0,SAFE,5,SAFE : Arrêt au feu rouge
67.00,80.9,0.0,SAFE,5,SAFE : Arrêt au feu rouge
67.05,80.9,0.0,SAFE,5,SAFE : Arrêt au feu rouge
67.10,80.9,0.0,SAFE,5,SAFE : Arrêt au feu rouge
67.15,80.9,0.0,SAFE,5,SAFE : Arrêt au feu rouge
67.20,80.9,0.0,SAFE,5,SAFE : Arrêt au feu rouge
67.25,80.9,0.0,SAFE,5,SAFE : Arrêt au feu rouge
67.30,80.9,0.0,SAFE,6,SAFE : Arrêt au feu rouge
67.35,80.9,0.0,SAFE,6,SAFE : Arrêt au feu rouge
67.40,80.9,0.0,SAFE,6,SAFE : Arrêt au feu rouge
67.45,80.9,0.0,SAFE,6,SAFE : Arrêt au feu rouge
67.50,80.9,0.0,SAFE,6,SAFE : Arrêt au feu rouge
67.55,80.9,0.0,SAFE,6,SAFE : Arrêt au feu rouge
67.60,80.9,0.0,SAFE,5,SAFE : Arrêt au feu rouge
67.65,80.9,0.0,SAFE,5,SAFE : Arrêt au feu rouge
67.70,80.9,0.0,SAFE,5,SAFE : Arrêt au feu rouge
67.75,80.9,0.0,SAFE,5,SAFE : Arrêt au feu rouge
67.80,80.9,0.0,SAFE,5,SAFE : Arrêt au feu rouge
67.85,80.9,0.0,SAFE,5,SAFE : Arrêt au feu rouge
67.90,80.9,0.0,SAFE,5,SAFE : Arrêt au feu rouge
67.95,80.9,0.0,SAFE,5,SAFE : Arrêt au feu rouge
68.00,80.9,0.0,SAFE,5,SAFE : Arrêt au feu rouge
68.05,80.9,0.0,SAFE,5,SAFE : Arrêt au feu rouge
68.10,80.9,0.0,SAFE,5,SAFE : Arrêt au feu rouge
68.15,80.9,0.0,SAFE,5,SAFE : Arrêt au feu rouge
68.20,80.9,0.0,SAFE,5,SAFE : Arrêt au feu rouge
68.25,80.9,0.0,SAFE,5,SAFE : Arrêt au feu rouge
68.30,80.9,0.0,SAFE,5,SAFE : Arrêt au feu rouge
68.35,80.9,0.0,SAFE,5,SAFE : Arrêt au feu rouge
68.40,80.9,0.0,SAFE,5,SAFE : Arrêt au feu rouge
68.45,80.9,0.0,SAFE,5,SAFE : Arrêt au feu rouge
68.50,80.9,0.0,SAFE,5,SAFE : Arrêt au feu rouge
68.55,80.9,0.0,SAFE,5,SAFE : Arrêt au feu rouge
68.60,80.9,0.0,SAFE,5,SAFE : Arrêt au feu rouge
68.65,80.9,0.0,SAFE,5,SAFE : Arrêt au feu rouge
68.70,80.9,0.0,SAFE,5,SAFE : Arrêt au feu rouge
68.75,80.9,0.0,SAFE,5,SAFE : Arrêt au feu rouge
68.80,80.9,0.0,SAFE,5,SAFE : Arrêt au feu rouge
68.85,80.9,0.0,SAFE,5,SAFE : Arrêt au feu rouge
68.90,80.9,0.0,SAFE,5,SAFE : Arrêt au feu rouge
68.95,80.9,0.0,SAFE,5,SAFE : Arrêt au feu rouge
69.00,80.9,0.0,SAFE,5,SAFE : Arrêt au feu rouge
69.05,80.9,0.0,SAFE,5,SAFE : Arrêt au feu rouge
69.10,80.9,0.0,SAFE,5,SAFE : Arrêt au feu rouge
69.15,80.9,0.0,SAFE,5,SAFE : Arrêt au feu rouge
69.20,80.9,0.0,SAFE,5,SAFE : Arrêt au feu rouge
69.25,80.9,0.0,SAFE,5,SAFE : Arrêt au feu rouge
69.30,80.9,0.0,SAFE,5,SAFE : Arrêt au feu rouge
69.35,80.9,0.0,SAFE,5,SAFE : Arrêt au feu rouge
69.40,80.9,0.0,SAFE,5,SAFE : Arrêt au feu rouge
69.45,80.9,0.0,SAFE,5,SAFE : Arrêt au feu rouge
69.50,80.9,0.0,SAFE,5,SAFE : Arrêt au feu rouge
69.55,80.9,0.0,SAFE,5,SAFE : Arrêt au feu rouge
69.60,80.9,0.0,SAFE,5,SAFE : Arrêt au feu rouge
69.65,80.9,0.0,SAFE,5,SAFE : Arrêt au feu rouge
69.70,80.9,0.0,SAFE,5,SAFE : Arrêt au feu rouge
69.75,80.9,0.0,SAFE,5,SAFE : Arrêt au feu rouge
69.80,80.9,0.0,SAFE,5,SAFE : Arrêt au feu rouge
69.85,80.9,0.0,SAFE,5,SAFE : Arrêt au feu rouge
69.90,80.9,0.0,SAFE,5,SAFE : Arrêt au feu rouge
69.95,80.9,0.0,SAFE,5,SAFE : Arrêt au feu rouge
70.00,80.9,0.0,SAFE,5,SAFE : Arrêt au feu rouge
70.05,80.9,0.0,SAFE,5,SAFE : Arrêt au feu rouge
70.10,80.9,0.0,SAFE,5,SAFE : Arrêt au feu rouge
70.15,80.9,0.0,SAFE,5,SAFE : Arrêt au feu rouge
70.20,80.9,0.0,SAFE,5,SAFE : Arrêt au feu rouge
70.25,80.9,0.0,SAFE,5,SAFE : Arrêt au feu rouge
70.30,80.9,0.0,SAFE,4,SAFE : Arrêt au feu rouge
70.35,80.9,0.0,SAFE,4,SAFE : Arrêt au feu rouge
70.40,80.9,0.0,SAFE,5,SAFE : Arrêt au feu rouge
70.45,80.9,0.0,SAFE,5,SAFE : Arrêt au feu rouge
70.50,80.9,0.0,SAFE,5,SAFE : Arrêt au feu rouge
70.55,80.9,0.0,SAFE,5,SAFE : Arrêt au feu rouge
70.60,80.9,0.0,SAFE,5,SAFE : Arrêt au feu rouge
70.65,80.9,0.0,SAFE,5,SAFE : Arrêt au feu rouge
70.70,80.9,0.0,SAFE,5,SAFE : Arrêt au feu rouge
70.75,80.9,0.0,SAFE,5,SAFE : Arrêt au feu rouge
70.80,80.9,0.0,SAFE,5,SAFE : Arrêt au feu rouge
70.85,80.9,0.0,SAFE,5,SAFE : Arrêt au feu rouge
70.90,80.9,0.0,SAFE,5,SAFE : Arrêt au feu rouge
70.95,80.9,0.0,SAFE,5,SAFE : Arrêt au feu rouge
71.00,80.9,0.0,SAFE,5,SAFE : Arrêt au feu rouge
71.05,80.9,0.0,SAFE,5,SAFE : Arrêt au feu rouge
71.10,80.9,0.0,SAFE,5,SAFE : Arrêt au feu rouge
71.15,80.9,0.0,SAFE,5,SAFE : Arrêt au feu rouge
71.20,80.9,0.0,SAFE,5,SAFE : Arrêt au feu rouge
71.25,80.9,0.0,SAFE,5,SAFE : Arrêt au feu rouge
71.30,80.9,0.0,SAFE,5,SAFE : Arrêt au feu rouge
71.35,80.9,0.0,SAFE,5,SAFE : Arrêt au feu rouge
71.40,80.9,0.0,SAFE,5,SAFE : Arrêt au feu rouge
71.45,80.9,0.0,SAFE,5,SAFE : Arrêt au feu rouge
71.50,80.9,0.0,SAFE,5,SAFE : Arrêt au feu rouge
71.55,80.9,0.0,SAFE,5,SAFE : Arrêt au feu rouge
71.60,80.9,0.0,SAFE,5,SAFE : Arrêt au feu rouge
71.65,80.9,0.0,SAFE,5,SAFE : Arrêt au feu rouge
71.70,80.9,0.0,SAFE,5,SAFE : Arrêt au feu rouge
71.75,80.9,0.0,SAFE,5,SAFE : Arrêt au feu rouge
71.80,80.9,0.0,SAFE,5,SAFE : Arrêt au feu rouge
71.85,80.9,0.0,SAFE,5,SAFE : Arrêt au feu rouge
71.90,80.9,0.0,SAFE,5,SAFE : Arrêt au feu rouge
71.95,80.9,0.0,SAFE,5,SAFE : Arrêt au feu rouge
72.00,80.9,0.0,SAFE,5,SAFE : Arrêt au feu rouge
72.05,80.9,0.0,SAFE,5,SAFE : Arrêt au feu rouge
72.10,80.9,0.0,SAFE,5,SAFE : Arrêt au feu rouge
72.15,80.9,0.0,SAFE,5,SAFE : Arrêt au feu rouge
72.20,80.9,0.0,SAFE,5,SAFE : Arrêt au feu rouge
72.25,80.9,0.0,SAFE,5,SAFE : Arrêt au feu rouge
72.30,80.9,0.0,SAFE,5,SAFE : Arrêt au feu rouge
72.35,80.9,0.0,SAFE,5,Situation maîtrisée
72.40,80.9,0.0,SAFE,5,Situation maîtrisée
72.45,80.9,0.0,SAFE,5,Situation maîtrisée
72.50,80.9,0.3,SAFE,5,Situation maîtrisée
72.55,81.0,0.8,SAFE,5,Situation maîtrisée
72.60,81.0,1.4,SAFE,5,Situation maîtrisée
72.65,81.0,2.2,SAFE,5,Situation maîtrisée
72.70,81.0,2.8,SAFE,5,Situation maîtrisée
72.75,81.1,3.8,SAFE,5,Situation maîtrisée
72.80,81.1,4.5,SAFE,5,Situation maîtrisée
72.85,81.2,5.4,SAFE,5,Situation maîtrisée
72.90,81.3,6.4,SAFE,5,Situation maîtrisée
72.95,81.4,7.1,SAFE,5,Situation maîtrisée
73.00,81.5,7.9,SAFE,5,Situation maîtrisée
73.05,81.6,8.7,SAFE,5,Situation maîtrisée
73.10,81.7,9.6,SAFE,5,Situation maîtrisée
73.15,81.9,10.4,SAFE,5,Situation maîtrisée
73.20,82.0,11.2,SAFE,5,Situation maîtrisée
73.25,82.2,12.0,SAFE,5,Situation maîtrisée
73.30,82.4,12.7,SAFE,5,Situation maîtrisée
73.35,82.5,13.4,SAFE,5,Situation maîtrisée
73.40,82.7,14.1,SAFE,5,Situation maîtrisée
73.45,82.9,14.7,SAFE,5,Situation maîtrisée
73.50,83.1,15.2,SAFE,5,Situation maîtrisée
73.55,83.4,15.7,SAFE,5,Situation maîtrisée
73.60,83.6,16.1,SAFE,5,Situation maîtrisée
73.65,83.8,16.6,SAFE,5,Situation maîtrisée
73.70,84.0,16.9,SAFE,5,Situation maîtrisée
73.75,84.3,17.3,SAFE,5,Situation maîtrisée
73.80,84.5,17.6,SAFE,5,Situation maîtrisée
73.85,84.8,17.9,SAFE,5,Situation maîtrisée
73.90,85.0,18.2,SAFE,5,Situation maîtrisée
73.95,85.3,18.4,SAFE,5,Situation maîtrisée
74.00,85.5,18.1,SAFE,5,Situation maîtrisée
74.05,85.8,18.1,SAFE,5,Situation maîtrisée
74.10,86.0,18.2,SAFE,5,Situation maîtrisée
74.15,86.3,18.1,SAFE,5,Situation maîtrisée
74.20,86.5,18.4,SAFE,5,Situation maîtrisée
74.25,86.8,18.5,SAFE,5,Situation maîtrisée
74.30,87.1,18.3,SAFE,4,Situation maîtrisée
74.35,87.3,18.3,SAFE,4,Situation maîtrisée
74.40,87.6,18.2,SAFE,4,Situation maîtrisée
74.45,87.8,18.3,SAFE,4,Situation maîtrisée
74.50,88.1,18.2,SAFE,4,Situation maîtrisée
74.55,88.3,18.3,SAFE,4,Situation maîtrisée
74.60,88.6,18.3,SAFE,4,Situation maîtrisée
74.65,88.8,18.4,SAFE,4,Situation maîtrisée
74.70,89.1,18.4,SAFE,4,Situation maîtrisée
74.75,89.3,18.6,SAFE,4,Situation maîtrisée
74.80,89.6,18.6,SAFE,4,Situation maîtrisée
74.85,89.9,18.7,SAFE,4,Situation maîtrisée
74.90,90.1,18.7,SAFE,4,Situation maîtrisée
74.95,90.4,18.8,SAFE,3,Situation maîtrisée
75.00,90.6,18.8,SAFE,3,Situation maîtrisée
75.05,90.9,19.0,SAFE,3,Situation maîtrisée
75.10,91.2,18.9,SAFE,3,Situation maîtrisée
75.15,91.4,19.1,SAFE,3,Situation maîtrisée
75.20,91.7,19.0,SAFE,3,Situation maîtrisée
75.25,92.0,19.1,SAFE,3,Situation maîtrisée
75.30,92.2,19.1,SAFE,3,Situation maîtrisée
75.35,92.5,19.2,SAFE,3,Situation maîtrisée
75.40,92.8,19.2,SAFE,3,Situation maîtrisée
75.45,93.0,19.3,SAFE,3,Situation maîtrisée
75.50,93.3,19.2,SAFE,3,Situation maîtrisée
75.55,93.6,19.3,SAFE,3,Situation maîtrisée
75.60,93.8,19.3,SAFE,3,Situation maîtrisée
75.65,94.1,19.4,SAFE,2,Situation maîtrisée
75.70,94.4,19.3,SAFE,2,Situation maîtrisée
75.75,94.6,19.4,SAFE,2,Situation maîtrisée
75.80,94.9,19.3,SAFE,2,Situation maîtrisée
75.85,95.2,19.4,SAFE,2,Situation maîtrisée
75.90,95.4,19.4,SAFE,2,Situation maîtrisée
75.95,95.7,19.5,SAFE,2,Situation maîtrisée
76.00,96.0,19.4,SAFE,2,Situation maîtrisée
76.05,96.3,19.5,SAFE,2,Situation maîtrisée
76.10,96.5,19.4,SAFE,2,Situation maîtrisée
76.15,96.8,19.5,SAFE,2,Situation maîtrisée
76.20,97.1,19.5,SAFE,2,Situation maîtrisée
76.25,97.3,19.6,SAFE,2,Situation maîtrisée
76.30,97.6,19.5,SAFE,2,Situation maîtrisée
76.35,97.9,19.6,SAFE,2,Situation maîtrisée
76.40,98.1,19.5,SAFE,3,Situation maîtrisée
76.45,98.4,19.6,SAFE,3,Situation maîtrisée
76.50,98.7,19.5,SAFE,3,Situation maîtrisée
76.55,99.0,19.6,SAFE,3,Situation maîtrisée
76.60,99.2,19.6,SAFE,3,Situation maîtrisée
76.65,99.5,19.7,SAFE,3,Situation maîtrisée
76.70,99.8,19.6,SAFE,3,Situation maîtrisée
76.75,100.1,19.7,SAFE,3,Situation maîtrisée
76.80,100.3,19.6,SAFE,3,Situation maîtrisée
76.85,100.6,19.7,SAFE,3,Situation maîtrisée
76.90,100.9,19.6,SAFE,3,Situation maîtrisée
76.95,101.1,19.7,SAFE,3,Situation maîtrisée
77.00,101.4,19.7,SAFE,3,Situation maîtrisée
77.05,101.7,19.8,SAFE,3,Situation maîtrisée
77.10,102.0,19.7,SAFE,3,Situation maîtrisée
77.15,102.2,19.7,SAFE,3,Situation maîtrisée
77.20,102.5,19.7,SAFE,3,Situation maîtrisée
77.25,102.8,19.7,SAFE,3,Situation maîtrisée
77.30,103.1,19.7,SAFE,3,Situation maîtrisée
77.35,103.3,19.7,SAFE,3,Situation maîtrisée
77.40,103.6,19.6,SAFE,3,Situation maîtrisée
77.45,103.9,19.7,SAFE,3,Situation maîtrisée
77.50,104.2,19.6,SAFE,3,Situation maîtrisée
77.55,104.4,19.7,SAFE,3,Situation maîtrisée
77.60,104.7,19.7,SAFE,3,Situation maîtrisée
77.65,105.0,19.7,SAFE,3,Situation maîtrisée
77.70,105.3,19.6,SAFE,3,Situation maîtrisée
77.75,105.5,19.7,SAFE,3,Situation maîtrisée
77.80,105.8,19.6,SAFE,3,Situation maîtrisée
77.85,106.1,19.7,SAFE,3,Situation maîtrisée
77.90,106.3,19.6,SAFE,3,Situation maîtrisée
77.95,106.6,19.7,SAFE,3,Situation maîtrisée
78.00,106.9,19.6,SAFE,3,Situation maîtrisée
78.05,107.2,19.7,SAFE,3,Situation maîtrisée
78.10,107.4,19.6,SAFE,3,Situation maîtrisée
78.15,107.7,19.7,SAFE,3,Situation maîtrisée
78.20,108.0,19.6,SAFE,3,Situation maîtrisée
78.25,108.3,19.7,SAFE,3,Situation maîtrisée
78.30,108.5,19.6,SAFE,4,Situation maîtrisée
78.35,108.8,19.7,SAFE,4,Situation maîtrisée
78.40,109.1,19.6,SAFE,3,Situation maîtrisée
78.45,109.3,19.7,SAFE,3,Situation maîtrisée
78.50,109.6,19.6,SAFE,3,Situation maîtrisée
78.55,109.9,19.7,SAFE,3,Situation maîtrisée
78.60,110.2,19.6,SAFE,3,Situation maîtrisée
78.65,110.4,19.7,SAFE,3,Situation maîtrisée
78.70,110.7,19.6,SAFE,3,Situation maîtrisée
78.75,111.0,19.7,SAFE,3,Situation maîtrisée
78.80,111.3,19.6,SAFE,3,Situation maîtrisée
78.85,111.5,19.7,SAFE,3,Situation maîtrisée
78.90,111.8,19.6,SAFE,3,Situation maîtrisée
78.95,112.1,19.7,SAFE,2,Situation maîtrisée
79.00,112.4,19.6,SAFE,2,Situation maîtrisée
79.05,112.6,19.7,SAFE,2,Situation maîtrisée
79.10,112.9,19.6,SAFE,2,Situation maîtrisée
79.15,113.2,19.7,SAFE,2,Situation maîtrisée
79.20,113.4,19.6,SAFE,2,Situation maîtrisée
79.25,113.7,19.7,SAFE,2,Situation maîtrisée
79.30,114.0,19.6,SAFE,2,Situation maîtrisée
79.35,114.3,19.7,SAFE,2,Situation maîtrisée
79.40,114.5,19.6,SAFE,2,Situation maîtrisée
79.45,114.8,19.7,SAFE,2,Situation maîtrisée
79.50,115.1,19.6,SAFE,2,Situation maîtrisée
79.55,115.4,19.7,SAFE,2,Situation maîtrisée
79.60,115.6,19.6,SAFE,2,Situation maîtrisée
79.65,115.9,19.7,SAFE,2,Situation maîtrisée
79.70,116.2,19.6,SAFE,2,Situation maîtrisée
79.75,116.5,19.7,SAFE,2,Situation maîtrisée
79.80,116.7,19.6,SAFE,2,Situation maîtrisée
79.85,117.0,19.7,SAFE,2,Situation maîtrisée
79.90,117.3,19.6,SAFE,2,Situation maîtrisée
79.95,117.5,19.7,SAFE,2,Situation maîtrisée
80.00,117.8,19.6,SAFE,2,Situation maîtrisée
80.05,118.1,19.7,SAFE,2,Situation maîtrisée
80.10,118.4,19.6,SAFE,2,Situation maîtrisée
80.15,118.6,19.7,SAFE,2,Situation maîtrisée
80.20,118.9,19.6,SAFE,2,Situation maîtrisée
80.25,119.2,19.7,SAFE,2,Situation maîtrisée
80.30,119.5,19.6,SAFE,2,Situation maîtrisée
80.35,119.7,19.6,SAFE,2,Situation maîtrisée
80.40,120.0,19.5,SAFE,2,Situation maîtrisée
80.45,120.3,19.6,SAFE,2,Situation maîtrisée
80.50,120.5,19.5,SAFE,2,Situation maîtrisée
80.55,120.8,19.6,SAFE,1,Situation maîtrisée
80.60,121.1,19.5,SAFE,1,Situation maîtrisée
80.65,121.4,19.6,SAFE,1,Situation maîtrisée
80.70,121.6,19.5,SAFE,1,Situation maîtrisée
80.75,121.9,19.5,SAFE,1,Situation maîtrisée
80.80,122.2,19.4,SAFE,1,Situation maîtrisée
80.85,122.4,19.5,SAFE,1,Situation maîtrisée
80.90,122.7,19.4,SAFE,2,Situation maîtrisée
80.95,123.0,19.5,SAFE,2,Situation maîtrisée
81.00,123.2,19.4,SAFE,2,Situation maîtrisée
81.05,123.5,19.4,SAFE,2,Situation maîtrisée
81.10,123.8,19.3,SAFE,2,Situation maîtrisée
81.15,124.1,19.4,SAFE,2,Situation maîtrisée
81.20,124.3,19.3,SAFE,2,Situation maîtrisée
81.25,124.6,19.4,SAFE,2,Situation maîtrisée
81.30,124.9,19.3,SAFE,2,Situation maîtrisée
81.35,125.1,19.3,SAFE,2,Situation maîtrisée
81.40,125.4,19.2,SAFE,2,Situation maîtrisée
81.45,125.7,19.3,SAFE,2,Situation maîtrisée
81.50,125.9,19.2,SAFE,2,Situation maîtrisée
81.55,126.2,19.3,SAFE,2,Situation maîtrisée
81.60,126.5,19.2,SAFE,2,Situation maîtrisée
81.65,126.7,19.2,SAFE,2,Situation maîtrisée
81.70,127.0,19.1,SAFE,2,Situation maîtrisée
81.75,127.3,19.2,SAFE,2,Situation maîtrisée
81.80,127.5,19.1,SAFE,2,Situation maîtrisée
81.85,127.8,19.2,SAFE,2,Situation maîtrisée
81.90,128.1,19.1,SAFE,2,Situation maîtrisée
81.95,128.3,19.1,SAFE,2,Situation maîtrisée
82.00,128.6,19.0,SAFE,2,Situation maîtrisée
82.05,128.9,19.1,SAFE,2,Situation maîtrisée
82.10,129.1,19.0,SAFE,2,Situation maîtrisée
82.15,129.4,19.1,SAFE,2,Situation maîtrisée
82.20,129.7,19.0,SAFE,2,Situation maîtrisée
82.25,129.9,19.0,SAFE,2,Situation maîtrisée
82.30,130.2,19.0,SAFE,2,Situation maîtrisée
82.35,130.4,19.0,SAFE,2,Situation maîtrisée
82.40,130.7,18.9,SAFE,2,Situation maîtrisée
82.45,131.0,19.0,SAFE,2,Situation maîtrisée
82.50,131.2,18.9,SAFE,2,Situation maîtrisée
82.55,131.5,19.0,SAFE,2,Situation maîtrisée
82.60,131.8,18.9,SAFE,2,Situation maîtrisée
82.65,132.0,18.9,SAFE,2,Situation maîtrisée
82.70,132.3,18.8,SAFE,2,Situation maîtrisée
82.75,132.5,18.9,SAFE,2,Situation maîtrisée
82.80,132.8,18.8,SAFE,2,Situation maîtrisée
82.85,133.1,18.9,SAFE,2,Situation maîtrisée
82.90,133.3,18.8,SAFE,2,Situation maîtrisée
82.95,133.6,18.9,SAFE,2,Situation maîtrisée
83.00,133.9,18.8,SAFE,2,Situation maîtrisée
83.05,134.1,18.9,SAFE,2,Situation maîtrisée
83.10,134.4,18.8,SAFE,2,Situation maîtrisée
83.15,134.6,18.9,SAFE,2,Situation maîtrisée
83.20,134.9,18.8,SAFE,2,Situation maîtrisée
83.25,135.2,18.8,SAFE,2,Situation maîtrisée
83.30,135.4,18.8,SAFE,2,Situation maîtrisée
83.35,135.7,18.8,SAFE,2,Situation maîtrisée
83.40,135.9,18.7,SAFE,2,Situation maîtrisée
83.45,136.2,18.8,SAFE,2,Situation maîtrisée
83.50,136.5,18.7,SAFE,2,Situation maîtrisée
83.55,136.7,18.8,SAFE,2,Situation maîtrisée
83.60,137.0,18.7,SAFE,2,Situation maîtrisée
83.65,137.2,18.8,SAFE,2,Situation maîtrisée
83.70,137.5,18.7,SAFE,2,Situation maîtrisée
83.75,137.8,18.8,SAFE,2,Situation maîtrisée
83.80,138.0,18.7,SAFE,2,Situation maîtrisée
83.85,138.3,18.8,SAFE,2,Situation maîtrisée
83.90,138.6,18.7,SAFE,2,Situation maîtrisée
83.95,138.8,18.8,SAFE,2,Situation maîtrisée
84.00,139.1,18.7,SAFE,2,Situation maîtrisée
84.05,139.3,18.8,SAFE,2,Situation maîtrisée
84.10,139.6,18.7,SAFE,2,Situation maîtrisée
84.15,139.8,18.7,SAFE,2,Situation maîtrisée
84.20,140.1,18.7,SAFE,2,Situation maîtrisée
84.25,140.4,18.7,SAFE,2,Situation maîtrisée
84.30,140.6,18.6,SAFE,2,Situation maîtrisée
84.35,140.9,18.7,SAFE,2,Situation maîtrisée
84.40,141.1,18.6,SAFE,2,Situation maîtrisée
84.45,141.4,18.7,SAFE,2,Situation maîtrisée
84.50,141.7,18.6,SAFE,2,Situation maîtrisée
84.55,141.9,18.7,SAFE,2,Situation maîtrisée
84.60,142.2,18.6,SAFE,2,Situation maîtrisée
84.65,142.4,18.7,SAFE,2,Situation maîtrisée
84.70,142.7,18.6,SAFE,2,Situation maîtrisée
84.75,143.0,18.7,SAFE,2,Situation maîtrisée
84.80,143.2,18.6,SAFE,2,Situation maîtrisée
84.85,143.5,18.7,SAFE,2,Situation maîtrisée
84.90,143.7,18.6,SAFE,2,Situation maîtrisée
84.95,144.0,18.7,SAFE,2,Situation maîtrisée
85.00,144.3,18.6,SAFE,2,Situation maîtrisée
85.05,144.5,18.7,SAFE,2,Situation maîtrisée
85.10,144.8,18.6,SAFE,2,Situation maîtrisée
85.15,145.0,18.7,SAFE,2,Situation maîtrisée
85.20,145.3,18.6,SAFE,2,Situation maîtrisée
85.25,145.6,18.7,SAFE,2,Situation maîtrisée
85.30,145.8,18.6,SAFE,2,Situation maîtrisée
85.35,146.1,18.7,SAFE,2,Situation maîtrisée
85.40,146.3,18.6,SAFE,2,Situation maîtrisée
85.45,146.6,18.7,SAFE,2,Situation maîtrisée
85.50,146.8,18.6,SAFE,2,Situation maîtrisée
85.55,147.1,18.7,SAFE,2,Situation maîtrisée
85.60,147.4,18.6,SAFE,2,Situation maîtrisée
85.65,147.6,18.7,SAFE,2,Situation maîtrisée
85.70,147.9,18.6,SAFE,2,Situation maîtrisée
85.75,148.1,18.6,SAFE,2,Situation maîtrisée
85.80,148.4,18.2,SAFE,2,Situation maîtrisée
85.85,148.6,17.8,SAFE,1,Situation maîtrisée
85.90,148.9,15.8,SAFE,1,Situation maîtrisée
85.95,149.1,15.9,SAFE,1,Situation maîtrisée
86.00,149.3,16.2,SAFE,1,Situation maîtrisée
86.05,149.5,16.5,SAFE,1,Situation maîtrisée
86.10,149.8,16.8,SAFE,1,Situation maîtrisée
86.15,150.0,17.1,SAFE,1,Situation maîtrisée
86.20,150.3,17.4,SAFE,1,Situation maîtrisée
86.25,150.5,17.6,SAFE,1,Situation maîtrisée
86.30,150.7,17.8,SAFE,1,Situation maîtrisée
86.35,151.0,18.1,SAFE,1,Situation maîtrisée
86.40,151.2,18.2,SAFE,1,Situation maîtrisée
86.45,151.5,18.1,SAFE,1,Situation maîtrisée
86.50,151.7,18.0,SAFE,1,Situation maîtrisée
86.55,152.0,18.1,SAFE,1,Situation maîtrisée
86.60,152.2,18.2,SAFE,1,Situation maîtrisée
86.65,152.5,18.2,SAFE,1,Situation maîtrisée
86.70,152.8,18.1,SAFE,1,Situation maîtrisée
86.75,153.0,18.2,SAFE,1,Situation maîtrisée
86.80,153.2,16.5,SAFE,1,Situation maîtrisée
86.85,153.5,14.0,SAFE,1,Situation maîtrisée
86.90,153.6,11.5,SAFE,1,Situation maîtrisée
86.95,153.8,8.9,SAFE,1,Situation maîtrisée
87.00,153.9,6.4,SAFE,1,Situation maîtrisée
87.05,153.9,2.1,SAFE,0,Voie libre
87.10,153.9,0.0,SAFE,0,Voie libre
87.15,153.9,1.0,SAFE,0,Voie libre
87.20,154.0,1.7,SAFE,0,Voie libre
87.25,154.0,2.4,SAFE,0,Voie libre
87.30,154.0,3.2,SAFE,0,Voie libre
87.35,154.1,4.0,SAFE,0,Voie libre
87.40,154.1,4.7,SAFE,0,Voie libre
87.45,154.2,5.6,SAFE,0,Voie libre
87.50,154.3,6.4,SAFE,0,Voie libre
87.55,154.4,7.3,SAFE,0,Voie libre
87.60,154.5,8.2,SAFE,0,Voie libre
87.65,154.6,9.0,SAFE,0,Voie libre
87.70,154.8,9.9,SAFE,0,Voie libre
87.75,154.9,10.7,SAFE,0,Voie libre
87.80,155.1,11.5,SAFE,0,Voie libre
87.85,155.2,12.3,SAFE,0,Voie libre
87.90,155.4,13.1,SAFE,0,Voie libre
87.95,155.6,13.9,SAFE,0,Voie libre
88.00,155.8,14.7,SAFE,0,Voie libre
88.05,156.0,15.5,SAFE,0,Voie libre
88.10,156.2,16.2,SAFE,0,Voie libre
88.15,156.5,16.9,SAFE,0,Voie libre
88.20,156.7,17.7,SAFE,0,Voie libre
88.25,156.9,18.4,SAFE,0,Voie libre
88.30,157.2,19.0,SAFE,0,Voie libre
88.35,157.5,18.9,SAFE,0,Voie libre
88.40,157.7,19.0,SAFE,0,Voie libre
88.45,158.0,19.4,SAFE,0,Voie libre
88.50,158.3,19.7,SAFE,0,Voie libre
88.55,158.5,20.3,SAFE,0,Voie libre
88.60,158.8,20.7,SAFE,0,Voie libre
88.65,159.1,21.4,SAFE,0,Voie libre
88.70,159.4,21.9,SAFE,0,Voie libre
88.75,159.7,22.6,SAFE,0,Voie libre
88.80,160.1,23.2,SAFE,0,Voie libre
88.85,160.4,23.9,SAFE,0,Voie libre
88.90,160.7,24.5,SAFE,0,Voie libre
88.95,161.1,25.3,SAFE,0,Voie libre
89.00,161.4,25.8,SAFE,0,Voie libre
89.05,161.8,26.6,SAFE,0,Voie libre
89.10,162.2,27.1,SAFE,0,Voie libre
89.15,162.5,27.8,SAFE,0,Voie libre
89.20,162.9,28.3,SAFE,0,Voie libre
89.25,163.3,28.9,SAFE,0,Voie libre
89.30,163.7,29.4,SAFE,0,Voie libre
89.35,164.2,30.0,SAFE,0,Voie libre
89.40,164.6,30.5,SAFE,0,Voie libre
89.45,165.0,31.0,SAFE,0,Voie libre
89.50,165.4,31.4,SAFE,0,Voie libre
89.55,165.9,31.9,SAFE,0,Voie libre
89.60,166.3,32.3,SAFE,0,Voie libre
89.65,166.8,32.8,SAFE,0,Voie libre
89.70,167.2,33.2,SAFE,0,Voie libre
89.75,167.7,33.6,SAFE,0,Voie libre
89.80,168.2,34.0,SAFE,0,Voie libre
89.85,168.6,34.4,SAFE,0,Voie libre
89.90,169.1,34.7,SAFE,0,Voie libre
89.95,169.6,35.1,SAFE,0,Voie libre
90.00,170.1,35.3,SAFE,0,Voie libre
90.05,170.6,35.7,SAFE,0,Voie libre
90.10,171.1,36.0,SAFE,0,Voie libre
90.15,171.6,36.3,SAFE,0,Voie libre
90.20,172.1,36.5,SAFE,0,Voie libre
90.25,172.6,36.9,SAFE,0,Voie libre
90.30,173.1,37.1,SAFE,0,Voie libre
90.35,173.6,37.4,SAFE,0,Voie libre
90.40,174.2,37.6,SAFE,0,Voie libre
90.45,174.7,37.9,SAFE,0,Voie libre
90.50,175.2,38.1,SAFE,0,Voie libre
90.55,175.7,38.3,SAFE,0,Voie libre
90.60,176.3,38.5,SAFE,0,Voie libre
90.65,176.8,38.8,SAFE,0,Voie libre
90.70,177.4,38.9,SAFE,0,Voie libre
90.75,177.9,39.1,SAFE,0,Voie libre
90.80,178.4,39.3,SAFE,0,Voie libre
90.85,179.0,39.5,SAFE,0,Voie libre
90.90,179.5,39.6,SAFE,0,Voie libre
90.95,180.1,39.8,SAFE,0,Voie libre
91.00,180.6,39.9,SAFE,0,Voie libre
91.05,181.2,40.1,SAFE,0,Voie libre
91.10,181.8,40.2,SAFE,0,Voie libre
91.15,182.3,40.4,SAFE,0,Voie libre
91.20,182.9,40.5,SAFE,0,Voie libre
91.25,183.4,40.7,SAFE,0,Voie libre
91.30,184.0,40.8,SAFE,0,Voie libre
91.35,184.6,40.9,SAFE,0,Voie libre
91.40,185.1,41.0,SAFE,0,Voie libre
91.45,185.7,41.2,SAFE,0,Voie libre
91.50,186.3,41.3,SAFE,0,Voie libre
91.55,186.9,41.4,SAFE,0,Voie libre
91.60,187.4,41.5,SAFE,0,Voie libre
91.65,188.0,41.6,SAFE,0,Voie libre
91.70,188.6,41.7,SAFE,0,Voie libre
91.75,189.2,41.9,SAFE,0,Voie libre
91.80,189.8,41.9,SAFE,0,Voie libre
91.85,190.3,42.1,SAFE,0,Voie libre
91.90,190.9,42.2,SAFE,0,Voie libre
91.95,191.5,42.3,SAFE,0,Voie libre
92.00,192.1,42.4,SAFE,0,Voie libre
92.05,192.7,42.5,SAFE,0,Voie libre
92.10,193.3,42.6,SAFE,0,Voie libre
92.15,193.9,42.7,SAFE,0,Voie libre
92.20,194.5,42.8,SAFE,0,Voie libre
92.25,195.1,42.9,SAFE,0,Voie libre
92.30,195.7,43.0,SAFE,0,Voie libre
92.35,196.3,43.1,SAFE,0,Voie libre
92.40,196.9,43.1,SAFE,0,Voie libre
92.45,197.5,43.3,SAFE,0,Voie libre
92.50,198.1,43.3,SAFE,0,Voie libre
92.55,198.7,43.5,SAFE,1,Situation maîtrisée
92.60,199.3,43.5,SAFE,1,Situation maîtrisée
92.65,199.9,43.6,SAFE,1,Situation maîtrisée
92.70,200.5,43.7,SAFE,1,Situation maîtrisée
92.75,201.1,43.8,SAFE,1,Situation maîtrisée
92.80,201.7,43.9,SAFE,1,Situation maîtrisée
92.85,202.3,44.0,SAFE,1,Situation maîtrisée
92.90,202.9,44.0,SAFE,1,Situation maîtrisée
92.95,203.5,44.1,SAFE,1,Situation maîtrisée
93.00,204.1,44.2,SAFE,1,Situation maîtrisée
93.05,204.8,44.3,SAFE,1,Situation maîtrisée
93.10,205.4,44.3,SAFE,1,Situation maîtrisée
93.15,206.0,44.4,SAFE,1,Situation maîtrisée
93.20,206.6,44.4,SAFE,1,Situation maîtrisée
93.25,207.2,44.5,SAFE,1,Situation maîtrisée
93.30,207.8,44.6,SAFE,1,Situation maîtrisée
93.35,208.5,44.7,SAFE,1,Situation maîtrisée
93.40,209.1,44.7,SAFE,1,Situation maîtrisée
93.45,209.7,44.8,SAFE,1,Situation maîtrisée
