t,id_autre,type_autre,relation,meme_voie,distance_m,ecart_lateral_m,cap_relatif_deg,vitesse_ego_kmh,vitesse_autre_kmh,vitesse_relative_kmh,ttc_s,thw_s,drac,niveau,metrique_decisive
0.20,1243,voiture,convergente,non,24.7,-0.00,+0.0,4.3,7.4,-3.1,,20.57,0.00,CRITICAL,PET
0.25,1243,voiture,convergente,non,24.7,-0.00,+0.0,1.5,6.0,-4.5,,60.34,0.00,CRITICAL,PET
0.30,1243,voiture,convergente,non,24.7,-0.00,+0.0,0.1,4.4,-4.2,,615.49,0.00,CRITICAL,PET
0.35,1243,voiture,convergente,non,24.7,-0.00,+0.0,0.4,2.9,-2.5,,222.15,0.00,CRITICAL,PET
0.40,1243,voiture,convergente,non,24.7,-0.00,+0.0,0.6,1.5,-1.0,,158.84,0.00,CRITICAL,PET
0.45,1243,voiture,convergente,non,24.7,-0.00,+0.0,0.5,0.2,+0.3,272.45,163.10,0.00,CRITICAL,PET
0.50,1243,voiture,convergente,non,24.7,-0.00,+0.0,0.5,0.6,-0.1,,191.72,0.00,CRITICAL,PET
0.55,1243,voiture,convergente,non,24.7,-0.00,+0.0,0.4,1.1,-0.8,,242.05,0.00,CRITICAL,PET
0.60,1243,voiture,convergente,non,24.7,-0.00,+0.0,0.3,1.7,-1.4,,319.50,0.00,CRITICAL,PET
0.65,1243,voiture,convergente,non,24.7,-0.00,+0.0,0.2,2.8,-2.6,,435.04,0.00,CRITICAL,PET
0.70,1243,voiture,convergente,non,24.8,-0.00,+0.0,0.1,3.8,-3.6,,606.03,0.00,CRITICAL,PET
0.75,1243,voiture,convergente,non,24.8,-0.00,+0.0,0.1,5.1,-5.0,,859.12,0.00,CRITICAL,PET
0.80,1243,voiture,convergente,non,24.9,-0.00,+0.0,0.1,6.2,-6.1,,1234.92,0.00,CRITICAL,PET
0.85,1243,voiture,convergente,non,25.0,-0.00,+0.0,0.1,7.2,-7.1,,1795.31,0.00,CRITICAL,PET
0.90,1243,voiture,convergente,non,25.1,+0.00,+0.0,0.0,8.2,-8.1,,2634.73,0.00,CRITICAL,PET
0.95,1243,voiture,convergente,non,25.2,+0.00,+0.0,0.0,9.1,-9.1,,3897.20,0.00,SAFE,—
1.55,1243,voiture,convergente,non,27.6,+0.00,+0.1,2.7,18.1,-15.4,,36.08,0.00,CRITICAL,PET
1.60,1243,voiture,convergente,non,27.8,+0.01,+0.0,4.4,18.7,-14.3,,22.65,0.00,CRITICAL,PET
1.65,1243,voiture,convergente,non,28.0,+0.09,+0.1,3.1,18.7,-15.6,,32.66,0.00,CRITICAL,PET
1.70,1243,voiture,convergente,non,28.2,+0.09,+0.1,0.0,18.5,-18.5,,38539.24,0.00,SAFE,—
1.85,1243,voiture,convergente,non,29.0,+0.09,+0.1,0.9,18.5,-17.7,,122.41,0.00,CRITICAL,PET
1.90,1243,voiture,convergente,non,29.2,+0.09,+0.1,0.0,18.6,-18.6,,516768.74,0.00,SAFE,—
2.05,1243,voiture,convergente,non,30.0,+0.09,+0.1,1.1,18.7,-17.6,,96.36,0.00,CRITICAL,PET
2.10,1243,voiture,convergente,non,30.2,+0.07,+0.1,0.0,18.6,-18.6,,292768.64,0.00,SAFE,—
2.20,1243,voiture,convergente,non,30.8,+0.07,+0.1,0.7,18.9,-18.2,,162.79,0.00,CRITICAL,PET
2.25,1243,voiture,convergente,non,31.0,+0.07,+0.1,0.0,19.0,-19.0,,530059.81,0.00,SAFE,—
2.40,1243,voiture,convergente,non,31.8,+0.07,+0.1,1.2,19.1,-18.0,,97.63,0.00,CRITICAL,PET
2.45,1243,voiture,convergente,non,32.1,+0.07,+0.1,0.0,19.1,-19.1,,328092.55,0.00,SAFE,—
2.55,1243,voiture,convergente,non,32.6,+0.07,+0.1,0.7,19.3,-18.5,,158.01,0.00,CRITICAL,PET
2.60,1243,voiture,convergente,non,32.9,+0.07,+0.1,0.0,19.6,-19.6,,560616.98,0.00,SAFE,—
2.70,1243,voiture,convergente,non,33.4,+0.07,+0.1,0.7,19.5,-18.8,,167.35,0.00,CRITICAL,PET
2.75,1243,voiture,convergente,non,33.7,+0.07,+0.1,0.0,19.4,-19.4,,681199.14,0.00,SAFE,—
2.90,1243,voiture,convergente,non,34.5,+0.07,+0.1,0.9,19.6,-18.7,,130.86,0.00,CRITICAL,PET
2.95,1243,voiture,convergente,non,34.7,+0.07,+0.1,0.0,19.6,-19.6,,387714.39,0.00,SAFE,—
3.10,1243,voiture,convergente,non,35.5,+0.08,+0.1,1.1,19.8,-18.7,,114.53,0.00,CRITICAL,PET
3.15,1243,voiture,convergente,non,35.8,+0.10,+0.1,0.0,19.7,-19.7,,307843.15,0.00,SAFE,—
3.30,1243,voiture,convergente,non,36.6,+0.11,+0.2,1.3,19.9,-18.6,,99.38,0.00,CRITICAL,PET
3.35,1243,voiture,convergente,non,36.9,+0.10,+0.2,0.0,19.8,-19.8,,258883.98,0.00,SAFE,—
3.50,1243,voiture,convergente,non,37.7,+0.11,+0.2,1.5,20.1,-18.6,,89.09,0.00,CRITICAL,PET
3.55,1243,voiture,convergente,non,38.0,+0.13,+0.2,0.0,20.2,-20.2,,284458.87,0.00,SAFE,—
3.75,1243,voiture,convergente,non,39.0,+0.14,+0.2,2.0,20.5,-18.5,,70.02,0.00,CRITICAL,PET
3.80,1243,voiture,convergente,non,39.3,+0.16,+0.2,0.0,20.5,-20.5,,163929.69,0.00,SAFE,—
4.00,1243,voiture,convergente,non,40.4,+0.15,+0.2,2.2,20.4,-18.2,,66.42,0.00,CRITICAL,PET
4.05,1243,voiture,convergente,non,40.7,+0.16,+0.2,0.0,20.9,-20.9,,161182.73,0.00,SAFE,—
4.30,1243,voiture,convergente,non,42.0,+0.18,+0.3,2.8,20.8,-18.0,,53.16,0.00,CRITICAL,PET
4.35,1243,voiture,convergente,non,42.3,+0.20,+0.3,0.0,20.7,-20.7,,9158.43,0.00,SAFE,—
4.60,1243,voiture,convergente,non,43.7,+0.23,+0.3,3.0,21.2,-18.3,,52.67,0.00,CRITICAL,PET
4.65,1243,voiture,convergente,non,43.9,+0.19,+0.3,0.0,21.2,-21.1,,7897.82,0.00,SAFE,—
4.85,1243,voiture,convergente,non,45.1,+0.20,+0.3,2.3,21.3,-19.0,,70.98,0.00,WATCH,PET
4.90,1243,voiture,convergente,non,45.3,+0.20,+0.3,0.0,21.5,-21.4,,115469.57,0.00,SAFE,—
5.10,1243,voiture,convergente,non,46.5,+0.20,+0.3,2.4,21.6,-19.2,,68.62,0.00,DANGER,PET
5.15,1243,voiture,convergente,non,46.8,+0.21,+0.3,0.0,21.5,-21.5,,89766.59,0.00,SAFE,—
5.35,1243,voiture,convergente,non,47.9,+0.21,+0.2,2.4,21.0,-18.6,,73.24,0.00,CRITICAL,PET
5.40,1243,voiture,convergente,non,48.2,+0.21,+0.2,0.0,18.8,-18.8,,109558.61,0.00,SAFE,—
5.60,1243,voiture,convergente,non,49.0,+0.21,+0.2,2.3,17.3,-15.0,,75.98,0.00,CRITICAL,PET
5.65,1243,voiture,convergente,non,49.3,+0.23,+0.3,0.0,17.9,-17.9,,107527.75,0.00,SAFE,—
5.85,1243,voiture,convergente,non,50.2,+0.24,+0.3,2.2,12.8,-10.6,,80.39,0.00,CRITICAL,PET
5.90,1243,voiture,convergente,non,50.3,+0.22,+0.2,0.0,9.9,-9.9,,118961.16,0.00,SAFE,—
6.05,1243,voiture,convergente,non,50.7,+0.21,+0.2,1.4,11.6,-10.2,,127.22,0.00,CRITICAL,PET
6.10,1243,voiture,convergente,non,50.9,+0.22,+0.2,0.0,12.4,-12.4,,345095.21,0.00,SAFE,—
6.25,1243,voiture,convergente,non,51.4,+0.22,+0.2,1.5,12.5,-11.0,,124.70,0.00,CRITICAL,PET
6.30,1243,voiture,convergente,non,51.5,+0.22,+0.2,0.0,12.2,-12.2,,389297.51,0.00,SAFE,—
6.50,1243,voiture,convergente,non,52.2,+0.23,+0.2,2.0,11.9,-9.9,,94.23,0.00,CRITICAL,PET
6.55,1243,voiture,convergente,non,52.3,+0.24,+0.3,0.0,12.0,-12.0,,124104.66,0.00,SAFE,—
6.70,1243,voiture,convergente,non,52.8,+0.22,+0.2,1.6,11.8,-10.3,,121.94,0.00,CRITICAL,PET
6.75,1243,voiture,convergente,non,52.9,+0.23,+0.2,0.0,11.8,-11.8,,376805.34,0.00,SAFE,—
6.90,1243,voiture,convergente,non,53.4,+0.23,+0.2,1.5,12.0,-10.4,,125.38,0.00,CRITICAL,PET
6.95,1243,voiture,convergente,non,53.6,+0.26,+0.3,0.0,11.9,-11.9,,418290.49,0.00,SAFE,—
7.15,1243,voiture,convergente,non,54.2,+0.27,+0.3,2.0,11.9,-10.0,,99.84,0.00,CRITICAL,PET
7.20,1243,voiture,convergente,non,54.3,+0.28,+0.3,0.0,11.9,-11.9,,245902.55,0.00,SAFE,—
7.40,1243,voiture,convergente,non,55.0,+0.27,+0.3,2.2,11.9,-9.7,,90.53,0.00,CRITICAL,PET
7.45,1243,voiture,convergente,non,55.1,+0.28,+0.3,0.0,11.8,-11.8,,229398.09,0.00,SAFE,—
7.65,1243,voiture,convergente,non,55.7,+0.30,+0.3,2.2,10.3,-8.1,,92.04,0.00,CRITICAL,PET
7.70,1243,voiture,convergente,non,55.8,+0.30,+0.3,0.0,9.8,-9.8,,236799.79,0.00,SAFE,—
7.85,1243,voiture,convergente,non,56.1,+0.29,+0.3,1.6,6.3,-4.7,,126.52,0.00,CRITICAL,PET
7.90,1243,voiture,convergente,non,56.2,+0.29,+0.3,0.0,3.5,-3.5,,392183.11,0.00,SAFE,—
7.95,1243,voiture,convergente,non,56.2,+0.29,+0.3,0.4,0.8,-0.4,,561.79,0.00,CRITICAL,PET
8.00,1243,voiture,convergente,non,56.2,+0.29,+0.3,0.0,0.0,-0.0,,25535074.02,0.00,SAFE,—
8.05,1243,voiture,convergente,non,56.2,+0.29,+0.3,0.3,0.0,+0.3,585.46,581.18,0.00,CRITICAL,PET
8.10,1243,voiture,convergente,non,56.2,+0.29,+0.3,0.0,0.0,-0.0,,3977178.38,0.00,SAFE,—
8.15,1243,voiture,convergente,non,56.2,+0.28,+0.3,0.3,0.0,+0.3,601.77,598.88,0.00,CRITICAL,PET
8.20,1243,voiture,convergente,non,56.2,+0.28,+0.3,0.0,0.0,-0.0,,7666360.92,0.00,SAFE,—
8.25,1243,voiture,convergente,non,56.2,+0.28,+0.3,0.3,0.0,+0.3,625.66,617.53,0.00,CRITICAL,PET
8.30,1243,voiture,convergente,non,56.2,+0.28,+0.3,0.0,0.0,-0.0,,24663686.50,0.00,SAFE,—
8.35,1243,voiture,convergente,non,56.2,+0.28,+0.3,0.3,0.0,+0.3,643.66,632.89,0.00,CRITICAL,PET
8.40,1243,voiture,convergente,non,56.2,+0.28,+0.3,0.0,0.0,-0.0,,26250855.59,0.00,SAFE,—
8.45,1243,voiture,convergente,non,56.2,+0.28,+0.3,0.3,0.0,+0.3,652.92,642.45,0.00,CRITICAL,PET
8.50,1243,voiture,convergente,non,56.2,+0.28,+0.3,0.0,0.0,-0.0,,17608413.07,0.00,SAFE,—
8.55,1243,voiture,convergente,non,56.2,+0.28,+0.3,0.3,0.0,+0.3,655.31,647.47,0.00,CRITICAL,PET
8.60,1243,voiture,convergente,non,56.2,+0.28,+0.3,0.0,0.0,-0.0,,14209229.00,0.00,SAFE,—
8.65,1243,voiture,convergente,non,56.2,+0.28,+0.3,0.3,0.0,+0.3,653.93,649.82,0.00,CRITICAL,PET
8.70,1243,voiture,convergente,non,56.2,+0.28,+0.3,0.0,0.0,-0.0,,11868978.77,0.00,SAFE,—
8.85,1243,voiture,convergente,non,56.2,+0.29,+0.3,0.4,0.0,+0.4,481.01,479.86,0.00,CRITICAL,PET
8.90,1243,voiture,convergente,non,56.2,+0.29,+0.3,0.0,0.0,-0.0,,1416990.60,0.00,SAFE,—
8.95,1243,voiture,convergente,non,56.2,+0.29,+0.3,0.4,0.0,+0.4,576.30,573.60,0.00,CRITICAL,PET
9.00,1243,voiture,convergente,non,56.2,+0.29,+0.3,0.0,0.0,-0.0,,6666091.07,0.00,SAFE,—
9.05,1243,voiture,convergente,non,56.2,+0.29,+0.3,0.3,0.0,+0.3,589.83,588.59,0.00,CRITICAL,PET
9.10,1243,voiture,convergente,non,56.2,+0.29,+0.3,0.0,0.0,-0.0,,10349822.03,0.00,SAFE,—
9.15,1243,voiture,convergente,non,56.2,+0.29,+0.3,0.3,0.0,+0.3,610.90,608.86,0.00,CRITICAL,PET
9.20,1243,voiture,convergente,non,56.2,+0.29,+0.3,0.0,0.0,-0.0,,10637422.57,0.00,SAFE,—
9.25,1243,voiture,convergente,non,56.2,+0.29,+0.3,0.3,0.0,+0.3,629.38,627.17,0.00,CRITICAL,PET
9.30,1243,voiture,convergente,non,56.2,+0.29,+0.3,0.0,0.0,-0.0,,11081792.68,0.00,SAFE,—
9.35,1243,voiture,convergente,non,56.2,+0.29,+0.3,0.3,0.0,+0.3,641.24,639.39,0.00,CRITICAL,PET
9.40,1243,voiture,convergente,non,56.2,+0.29,+0.3,0.0,0.0,+0.0,11247787.45,11247787.45,0.00,SAFE,—
11.65,1267,voiture,convergente,non,59.9,-0.15,+0.2,18.9,0.0,+18.9,11.40,11.40,0.23,CRITICAL,PET
11.70,1267,voiture,convergente,non,59.6,-0.24,+0.2,18.6,0.0,+18.6,11.53,11.53,0.22,CRITICAL,PET
11.75,1267,voiture,convergente,non,59.3,-0.07,+0.1,17.4,0.0,+17.4,12.30,12.30,0.20,SAFE,—
11.80,1267,voiture,convergente,non,59.1,+0.27,+0.3,16.1,0.0,+16.1,13.23,13.23,0.17,CRITICAL,PET
11.85,1267,voiture,convergente,non,58.9,+0.63,+0.6,14.8,0.0,+14.8,14.35,14.35,0.14,SAFE,—
12.50,1267,voiture,convergente,non,56.1,+0.37,+0.4,18.0,0.0,+18.0,11.23,11.23,0.22,CRITICAL,PET
12.55,1267,voiture,convergente,non,55.8,+0.33,+0.3,18.0,0.0,+18.0,11.15,11.15,0.22,CRITICAL,PET
12.60,1267,voiture,convergente,non,55.6,+0.29,+0.3,17.7,0.0,+17.7,11.30,11.30,0.22,SAFE,—
12.70,1267,voiture,convergente,non,55.1,+0.22,+0.2,17.4,0.0,+17.4,11.38,11.38,0.21,CRITICAL,PET
12.75,1267,voiture,convergente,non,54.8,+0.19,+0.2,17.4,0.0,+17.4,11.36,11.35,0.21,CRITICAL,PET
12.80,1267,voiture,convergente,non,54.6,+0.15,+0.1,17.0,0.0,+17.0,11.54,11.54,0.20,CRITICAL,PET
12.85,1267,voiture,convergente,non,54.4,+0.12,+0.1,16.4,0.0,+16.4,11.94,11.94,0.19,CRITICAL,PET
12.90,1267,voiture,convergente,non,54.1,+0.09,+0.1,15.6,0.0,+15.6,12.49,12.49,0.17,SAFE,—
15.10,1267,voiture,convergente,non,43.2,+0.07,+0.1,19.1,0.0,+19.1,8.12,8.12,0.33,CRITICAL,PET
15.15,1267,voiture,convergente,non,42.9,+0.08,+0.1,19.2,0.0,+19.2,8.06,8.06,0.33,CRITICAL,PET
15.20,1267,voiture,convergente,non,42.7,+0.09,+0.1,18.8,0.0,+18.8,8.17,8.16,0.32,CRITICAL,PET
15.25,1267,voiture,convergente,non,42.4,+0.10,+0.1,18.5,0.3,+18.2,8.39,8.24,0.30,CRITICAL,PET
15.30,1267,voiture,convergente,non,42.2,+0.10,+0.2,13.7,1.0,+12.7,11.98,11.09,0.15,CRITICAL,PET
15.35,1267,voiture,convergente,non,42.1,+0.10,+0.2,8.9,1.4,+7.5,20.12,17.05,0.05,CRITICAL,PET
15.40,1267,voiture,convergente,non,42.0,+0.10,+0.2,4.1,2.0,+2.1,72.95,36.99,0.00,CRITICAL,PET
15.45,1267,voiture,convergente,non,42.0,+0.10,+0.2,0.0,2.7,-2.7,,6823.62,0.00,SAFE,—
15.60,1267,voiture,convergente,non,42.2,+0.10,+0.2,0.8,4.8,-4.0,,182.08,0.00,CRITICAL,PET
15.65,1267,voiture,convergente,non,42.2,+0.07,+0.1,0.0,5.4,-5.4,,31335.90,0.00,SAFE,—
15.75,1267,voiture,convergente,non,42.4,+0.08,+0.1,0.7,6.9,-6.3,,224.45,0.00,CRITICAL,PET
15.80,1267,voiture,convergente,non,42.5,+0.08,+0.1,0.0,7.7,-7.7,,80470.19,0.00,SAFE,—
15.95,1267,voiture,convergente,non,42.9,+0.08,+0.1,1.2,10.0,-8.8,,131.85,0.00,CRITICAL,PET
16.00,1267,voiture,convergente,non,43.0,+0.08,+0.1,0.0,10.7,-10.7,,89676.26,0.00,SAFE,—
16.10,1243,voiture,convergente,non,31.1,+0.05,+0.1,0.6,0.0,+0.6,175.36,174.15,0.00,CRITICAL,PET
16.15,1243,voiture,convergente,non,31.1,+0.05,+0.1,0.0,0.0,-0.0,,56773.82,0.00,CRITICAL,PET
16.20,1243,voiture,convergente,non,31.1,+0.05,+0.1,0.0,0.5,-0.5,,56632.49,0.00,SAFE,—
16.30,1243,voiture,convergente,non,31.1,+0.05,+0.1,0.3,2.0,-1.7,,331.90,0.00,CRITICAL,PET
16.35,1243,voiture,convergente,non,31.1,+0.05,+0.1,0.0,2.9,-2.9,,56265.46,0.00,SAFE,—
16.40,1243,voiture,convergente,non,31.2,+0.05,+0.1,0.3,4.3,-4.0,,323.14,0.00,CRITICAL,PET
16.45,1243,voiture,convergente,non,31.3,+0.05,+0.1,0.0,5.6,-5.6,,59470.81,0.00,SAFE,—
16.50,1243,voiture,convergente,non,31.3,+0.05,+0.1,0.3,6.7,-6.3,,331.99,0.00,CRITICAL,PET
16.55,1243,voiture,convergente,non,31.4,+0.05,+0.1,0.0,7.8,-7.8,,60797.32,0.00,SAFE,—
16.60,1243,voiture,convergente,non,31.6,+0.05,+0.1,0.3,8.8,-8.4,,345.72,0.00,CRITICAL,PET
16.65,1243,voiture,convergente,non,31.7,+0.05,+0.1,0.0,9.7,-9.7,,62084.90,0.00,SAFE,—
16.80,1243,voiture,convergente,non,32.2,+0.05,+0.1,0.6,12.4,-11.9,,207.44,0.00,CRITICAL,PET
16.85,1243,voiture,convergente,non,32.3,+0.05,+0.1,0.0,13.2,-13.2,,54829.81,0.00,SAFE,—
17.00,1243,voiture,convergente,non,32.9,+0.05,+0.1,0.7,15.4,-14.7,,163.37,0.00,CRITICAL,PET
17.05,1243,voiture,convergente,non,33.1,+0.05,+0.1,0.0,15.9,-15.9,,58818.02,0.00,SAFE,—
17.15,1243,voiture,convergente,non,33.6,+0.05,+0.1,0.8,15.8,-15.0,,142.33,0.00,CRITICAL,PET
17.20,1243,voiture,convergente,non,33.8,+0.05,+0.1,0.0,15.5,-15.5,,60826.29,0.00,SAFE,—
17.30,1243,voiture,convergente,non,34.2,+0.05,+0.1,0.7,14.9,-14.2,,181.04,0.00,CRITICAL,PET
17.35,1243,voiture,convergente,non,34.4,+0.05,+0.1,0.0,14.7,-14.7,,64892.06,0.00,SAFE,—
17.45,1243,voiture,convergente,non,34.8,+0.05,+0.1,0.6,14.3,-13.8,,225.53,0.00,CRITICAL,PET
17.50,1243,voiture,convergente,non,35.0,+0.05,+0.1,0.0,14.3,-14.3,,67496.78,0.00,SAFE,—
17.60,1243,voiture,convergente,non,35.4,+0.05,+0.1,0.6,15.0,-14.4,,196.56,0.00,CRITICAL,PET
17.65,1243,voiture,convergente,non,35.6,+0.05,+0.1,0.0,15.6,-15.6,,51108.70,0.00,SAFE,—
17.80,1243,voiture,convergente,non,36.3,+0.06,+0.1,1.2,17.5,-16.4,,112.35,0.00,CRITICAL,PET
17.80,1267,voiture,convergente,non,50.6,+0.08,+0.1,1.2,18.9,-17.7,,156.81,0.00,CRITICAL,PET
17.85,1243,voiture,convergente,non,36.5,+0.05,+0.1,0.0,18.1,-18.1,,48214.17,0.00,SAFE,—
17.85,1267,voiture,convergente,non,50.9,+0.07,+0.1,0.0,18.8,-18.8,,67185.72,0.00,SAFE,—
18.00,1243,voiture,convergente,non,37.3,+0.05,+0.1,1.2,18.3,-17.1,,112.76,0.00,CRITICAL,PET
18.00,1267,voiture,convergente,non,51.7,+0.08,+0.1,1.2,19.7,-18.5,,156.31,0.00,CRITICAL,PET
18.05,1243,voiture,convergente,non,37.5,+0.06,+0.1,0.0,18.4,-18.4,,55452.95,0.00,SAFE,—
18.05,1267,voiture,convergente,non,51.9,+0.09,+0.1,0.0,20.1,-20.1,,76757.47,0.00,SAFE,—
18.15,1243,voiture,convergente,non,38.0,+0.06,+0.1,0.8,18.1,-17.2,,165.93,0.00,CRITICAL,PET
18.20,1243,voiture,convergente,non,38.3,+0.06,+0.1,0.0,18.1,-18.1,,71693.76,0.00,SAFE,—
18.35,1243,voiture,convergente,non,39.0,+0.06,+0.1,1.1,18.0,-16.8,,125.17,0.00,CRITICAL,PET
18.40,1243,voiture,convergente,non,39.3,+0.09,+0.2,0.0,18.6,-18.6,,67521.47,0.00,SAFE,—
18.55,1243,voiture,convergente,non,40.0,+0.09,+0.2,1.3,18.4,-17.2,,114.24,0.00,CRITICAL,PET
18.60,1243,voiture,convergente,non,40.3,+0.10,+0.2,0.0,18.5,-18.5,,43619.59,0.00,SAFE,—
18.80,1243,voiture,convergente,non,41.2,+0.09,+0.1,1.9,18.3,-16.4,,79.09,0.00,CRITICAL,PET
18.85,1243,voiture,convergente,non,41.5,+0.11,+0.2,0.0,18.3,-18.3,,113584.76,0.00,SAFE,—
19.00,1243,voiture,convergente,non,42.2,+0.11,+0.2,1.4,18.1,-16.7,,106.25,0.00,CRITICAL,PET
19.05,1243,voiture,convergente,non,42.5,+0.10,+0.1,0.0,17.9,-17.9,,129800.17,0.00,SAFE,—
19.20,1243,voiture,convergente,non,43.2,+0.10,+0.1,1.4,17.8,-16.3,,110.03,0.00,CRITICAL,PET
19.25,1243,voiture,convergente,non,43.4,+0.10,+0.1,0.0,17.6,-17.6,,177579.68,0.00,SAFE,—
19.35,1243,voiture,convergente,non,43.9,+0.09,+0.1,0.7,17.2,-16.5,,224.76,0.00,CRITICAL,PET
19.40,1243,voiture,convergente,non,44.1,+0.09,+0.1,0.0,17.0,-17.0,,200173.06,0.00,SAFE,—
19.50,1243,voiture,convergente,non,44.6,+0.09,+0.1,0.7,16.8,-16.1,,228.02,0.00,CRITICAL,PET
19.55,1243,voiture,convergente,non,44.8,+0.09,+0.1,0.0,16.7,-16.7,,190790.36,0.00,SAFE,—
19.70,1243,voiture,convergente,non,45.5,+0.09,+0.1,1.0,16.3,-15.3,,159.75,0.00,CRITICAL,PET
19.75,1243,voiture,convergente,non,45.7,+0.08,+0.1,0.0,16.2,-16.2,,182657.90,0.00,SAFE,—
19.90,1243,voiture,convergente,non,46.4,+0.09,+0.1,1.1,15.9,-14.7,,145.27,0.00,CRITICAL,PET
19.95,1243,voiture,convergente,non,46.6,+0.09,+0.1,0.0,15.8,-15.8,,172052.36,0.00,SAFE,—
20.05,1243,voiture,convergente,non,47.0,+0.10,+0.1,0.9,15.5,-14.6,,187.95,0.00,CRITICAL,PET
20.10,1243,voiture,convergente,non,47.2,+0.10,+0.1,0.0,15.4,-15.4,,235235.12,0.00,SAFE,—
20.25,1243,voiture,convergente,non,47.8,+0.09,+0.1,1.2,15.1,-13.9,,145.72,0.00,CRITICAL,PET
20.30,1243,voiture,convergente,non,48.0,+0.09,+0.1,0.0,15.0,-15.0,,215597.58,0.00,SAFE,—
20.45,1243,voiture,convergente,non,48.6,+0.10,+0.1,1.3,15.0,-13.7,,131.89,0.00,CRITICAL,PET
20.50,1243,voiture,convergente,non,48.9,+0.10,+0.1,0.0,15.5,-15.5,,188746.28,0.00,SAFE,—
20.65,1243,voiture,convergente,non,49.5,+0.11,+0.1,1.3,17.3,-16.1,,141.46,0.00,CRITICAL,PET
20.70,1243,voiture,convergente,non,49.8,+0.12,+0.1,0.0,17.9,-17.9,,186078.26,0.00,SAFE,—
22.35,1338,ouvrier,meme_voie,oui,7.6,+5.73,+159.6,18.2,0.0,+18.2,1.50,1.50,1.69,WATCH,—
22.40,1338,ouvrier,meme_voie,oui,7.4,+5.75,+158.0,18.3,0.0,+18.3,1.46,1.46,1.74,WATCH,—
22.45,1338,ouvrier,meme_voie,oui,7.2,+5.78,+156.6,17.9,0.0,+17.9,1.45,1.45,1.71,WATCH,—
22.50,1338,ouvrier,meme_voie,oui,7.1,+5.80,+155.4,17.6,0.0,+17.6,1.45,1.45,1.70,WATCH,—
22.55,1338,ouvrier,meme_voie,oui,6.9,+5.83,+154.6,17.3,0.0,+17.3,1.45,1.45,1.66,WATCH,—
22.60,1338,ouvrier,meme_voie,oui,6.8,+5.85,+153.8,16.9,0.0,+16.9,1.46,1.46,1.61,WATCH,—
25.70,1243,voiture,convergente,non,43.0,+18.21,+91.0,19.7,22.5,-2.9,7.71,7.87,0.36,WATCH,PET
25.75,1243,voiture,convergente,non,42.9,+18.52,+91.0,19.7,22.5,-2.8,7.70,7.84,0.36,WATCH,PET
25.80,1243,voiture,convergente,non,42.8,+18.84,+90.9,19.4,22.6,-3.3,7.81,7.95,0.35,WATCH,PET
25.85,1243,voiture,convergente,non,42.7,+19.15,+90.9,19.1,22.5,-3.4,7.88,8.02,0.34,WATCH,PET
25.90,1243,voiture,convergente,non,42.6,+19.47,+90.8,18.7,22.7,-4.0,8.06,8.20,0.33,WATCH,PET
25.95,1243,voiture,convergente,non,42.5,+19.78,+90.8,18.4,22.7,-4.3,8.18,8.32,0.32,WATCH,PET
26.00,1243,voiture,convergente,non,42.4,+20.09,+90.8,17.8,22.8,-4.9,8.41,8.56,0.30,SAFE,—
26.05,1243,voiture,convergente,non,42.3,+20.41,+90.7,17.8,22.6,-4.8,8.40,8.54,0.30,WATCH,PET
26.10,1243,voiture,convergente,non,42.3,+20.73,+90.7,17.7,22.8,-5.1,8.47,8.60,0.29,WATCH,PET
26.15,1243,voiture,convergente,non,42.2,+21.04,+90.7,17.4,22.8,-5.4,8.62,8.76,0.28,WATCH,PET
26.20,1243,voiture,convergente,non,42.2,+21.36,+90.7,17.0,22.9,-5.9,8.81,8.95,0.27,WATCH,PET
26.25,1243,voiture,convergente,non,42.1,+21.68,+90.7,16.5,22.8,-6.3,9.03,9.18,0.26,SAFE,—
26.40,1243,voiture,convergente,non,42.0,+22.63,+90.6,16.3,23.0,-6.8,9.17,9.31,0.25,WATCH,PET
26.45,1243,voiture,convergente,non,42.0,+22.95,+90.6,16.3,22.9,-6.6,9.14,9.29,0.25,WATCH,PET
26.50,1243,voiture,convergente,non,42.0,+23.27,+90.6,16.1,23.1,-7.0,9.24,9.39,0.25,WATCH,PET
26.55,1243,voiture,convergente,non,42.0,+23.59,+90.6,15.8,23.1,-7.3,9.42,9.57,0.24,WATCH,PET
26.60,1243,voiture,convergente,non,42.0,+23.91,+90.7,15.4,23.2,-7.7,9.64,9.81,0.23,WATCH,PET
26.65,1243,voiture,convergente,non,42.0,+24.23,+90.7,15.0,23.0,-8.0,9.89,10.06,0.21,WATCH,PET
26.70,1243,voiture,convergente,non,42.0,+24.56,+90.7,14.6,23.2,-8.6,10.17,10.36,0.20,SAFE,—
26.85,1243,voiture,convergente,non,42.1,+25.52,+90.7,14.4,23.2,-8.8,10.31,10.50,0.20,WATCH,PET
26.90,1243,voiture,convergente,non,42.1,+25.85,+90.7,14.5,23.4,-8.8,10.23,10.43,0.20,WATCH,PET
26.95,1243,voiture,convergente,non,42.2,+26.17,+90.7,14.4,23.3,-8.9,10.31,10.51,0.20,WATCH,PET
27.00,1243,voiture,convergente,non,42.2,+26.49,+90.7,14.2,23.4,-9.2,10.50,10.72,0.19,WATCH,PET
27.05,1243,voiture,convergente,non,42.3,+26.82,+90.7,13.9,23.3,-9.5,10.75,10.97,0.18,WATCH,PET
27.10,1243,voiture,convergente,non,42.3,+27.15,+90.7,13.5,23.5,-10.0,11.06,11.30,0.17,WATCH,PET
27.15,1243,voiture,convergente,non,42.4,+27.47,+90.8,13.1,23.5,-10.3,11.36,11.63,0.16,SAFE,—
28.25,1243,voiture,convergente,non,44.0,+34.74,+93.4,18.4,24.1,-5.6,7.98,8.59,0.35,CRITICAL,PET
28.30,1243,voiture,convergente,non,44.1,+35.07,+93.5,16.5,24.2,-7.7,8.85,9.64,0.28,SAFE,—
28.50,1243,voiture,convergente,non,44.6,+36.41,+94.0,16.4,24.3,-7.9,8.89,9.81,0.28,CRITICAL,PET
28.55,1243,voiture,convergente,non,44.8,+36.75,+94.1,16.6,24.3,-7.7,8.80,9.71,0.29,CRITICAL,PET
28.60,1243,voiture,convergente,non,44.9,+37.09,+94.2,16.4,24.4,-8.0,8.91,9.88,0.28,CRITICAL,PET
28.65,1243,voiture,convergente,non,45.0,+37.42,+94.4,15.8,24.3,-8.5,9.19,10.27,0.27,CRITICAL,PET
28.70,1243,voiture,convergente,non,45.2,+37.76,+94.6,15.1,24.4,-9.4,9.56,10.81,0.25,CRITICAL,PET
28.75,1243,voiture,convergente,non,45.3,+38.10,+94.8,14.3,24.4,-10.1,10.00,11.43,0.23,SAFE,—
28.90,1243,voiture,convergente,non,45.8,+39.11,+95.4,13.8,24.5,-10.8,10.26,11.99,0.22,CRITICAL,PET
28.95,1243,voiture,convergente,non,46.0,+39.45,+95.6,13.9,24.5,-10.6,10.15,11.90,0.22,CRITICAL,PET
29.00,1243,voiture,convergente,non,46.2,+39.79,+95.8,13.7,24.6,-10.9,10.28,12.14,0.22,CRITICAL,PET
29.05,1243,voiture,convergente,non,46.4,+40.13,+95.9,13.2,24.5,-11.3,10.62,12.66,0.21,CRITICAL,PET
35.80,1286,voiture,convergente,non,57.6,-38.46,+89.5,19.7,33.9,-14.2,10.69,10.54,0.25,WATCH,PET
35.85,1286,voiture,convergente,non,57.1,-37.99,+89.5,19.7,34.4,-14.7,10.60,10.44,0.25,WATCH,PET
35.90,1286,voiture,convergente,non,56.6,-37.52,+89.5,19.4,34.8,-15.4,10.68,10.52,0.25,WATCH,PET
35.95,1286,voiture,convergente,non,56.1,-37.03,+89.5,19.2,35.3,-16.1,10.70,10.54,0.24,SAFE,—
38.40,1232,voiture,convergente,non,46.7,+36.02,+89.4,19.7,83.5,-63.8,8.91,8.55,0.29,WATCH,PET
38.45,1232,voiture,convergente,non,47.5,+37.18,+89.5,19.7,83.7,-64.0,9.04,8.68,0.29,WATCH,PET
38.50,1232,voiture,convergente,non,48.2,+38.35,+89.5,19.4,83.9,-64.5,9.33,8.96,0.28,WATCH,PET
38.55,1232,voiture,convergente,non,49.0,+39.51,+89.5,19.2,84.0,-64.8,9.58,9.21,0.27,WATCH,PET
38.60,1232,voiture,convergente,non,49.8,+40.68,+89.6,18.7,84.0,-65.3,9.94,9.59,0.25,WATCH,PET
38.65,1232,voiture,convergente,non,50.6,+41.84,+89.6,18.4,84.0,-65.6,10.20,9.91,0.24,WATCH,PET
38.70,1232,voiture,convergente,non,51.5,+43.01,+89.8,17.8,84.0,-66.2,10.59,10.38,0.23,WATCH,PET
38.75,1232,voiture,convergente,non,52.3,+44.18,+89.9,17.7,84.0,-66.3,10.74,10.64,0.23,WATCH,PET
38.80,1232,voiture,convergente,non,53.2,+45.34,+90.1,17.4,83.9,-66.5,10.96,11.02,0.22,WATCH,PET
38.85,1232,voiture,convergente,non,54.0,+46.51,+90.3,17.0,83.9,-66.9,11.18,11.47,0.22,WATCH,PET
39.50,1286,voiture,convergente,non,26.9,+11.90,+89.5,18.2,61.7,-43.5,5.51,5.33,0.44,WATCH,PET
39.55,1286,voiture,convergente,non,27.1,+12.75,+89.5,18.0,62.0,-43.9,5.59,5.41,0.43,WATCH,PET
39.60,1286,voiture,convergente,non,27.3,+13.62,+89.5,17.9,62.3,-44.3,5.67,5.48,0.42,WATCH,PET
39.65,1286,voiture,convergente,non,27.5,+14.49,+89.5,17.8,62.6,-44.8,5.77,5.58,0.41,WATCH,PET
39.70,1286,voiture,convergente,non,27.8,+15.36,+89.5,17.4,62.8,-45.4,5.94,5.74,0.39,WATCH,PET
39.75,1286,voiture,convergente,non,28.1,+16.23,+89.5,17.0,63.1,-46.1,6.16,5.94,0.37,WATCH,PET
39.80,1286,voiture,convergente,non,28.4,+17.11,+89.5,16.6,63.4,-46.8,6.40,6.17,0.35,WATCH,PET
39.85,1286,voiture,convergente,non,28.8,+17.99,+89.5,16.2,63.7,-47.6,6.67,6.42,0.32,WATCH,PET
39.90,1286,voiture,convergente,non,29.2,+18.88,+89.5,15.7,64.0,-48.3,6.97,6.70,0.30,WATCH,PET
39.95,1286,voiture,convergente,non,29.6,+19.77,+89.5,15.3,64.3,-49.0,7.29,7.00,0.28,WATCH,PET
40.00,1286,voiture,convergente,non,30.1,+20.67,+89.5,14.8,64.6,-49.8,7.64,7.32,0.26,WATCH,PET
40.05,1286,voiture,convergente,non,30.6,+21.57,+89.5,14.4,64.8,-50.5,8.01,7.66,0.24,WATCH,PET
40.10,1286,voiture,convergente,non,31.1,+22.47,+89.4,13.9,65.1,-51.2,8.40,8.03,0.22,WATCH,PET
40.15,1286,voiture,convergente,non,31.6,+23.38,+89.5,13.5,65.3,-51.8,8.84,8.43,0.20,WATCH,PET
40.20,1286,voiture,convergente,non,32.2,+24.28,+89.4,13.1,65.3,-52.2,9.28,8.83,0.19,SAFE,—
40.30,1286,voiture,convergente,non,33.4,+26.10,+89.5,12.8,65.9,-53.0,9.86,9.37,0.17,WATCH,PET
40.35,1286,voiture,convergente,non,34.0,+27.02,+89.5,12.8,66.4,-53.6,10.05,9.55,0.17,WATCH,PET
40.40,1286,voiture,convergente,non,34.6,+27.95,+89.5,12.7,66.8,-54.1,10.32,9.80,0.16,WATCH,PET
40.45,1286,voiture,convergente,non,35.3,+28.88,+89.5,12.4,67.2,-54.7,10.77,10.22,0.15,WATCH,PET
40.50,1286,voiture,convergente,non,36.0,+29.82,+89.5,12.2,67.5,-55.3,11.24,10.65,0.14,WATCH,PET
40.55,1286,voiture,convergente,non,36.7,+30.76,+89.5,11.8,67.8,-56.0,11.85,11.22,0.13,WATCH,PET
40.60,1286,voiture,convergente,non,37.4,+31.70,+89.5,11.5,68.1,-56.6,12.43,11.74,0.12,WATCH,PET
40.65,1286,voiture,convergente,non,38.1,+32.65,+89.5,11.0,68.3,-57.3,13.18,12.43,0.11,SAFE,—
42.20,1252,voiture,convergente,non,28.5,-12.92,+95.8,18.8,88.2,-69.3,3.70,5.45,1.04,WATCH,PET
42.25,1252,voiture,convergente,non,28.7,-14.55,+96.7,18.9,88.2,-69.3,3.54,5.48,1.15,WATCH,PET
42.30,1252,voiture,convergente,non,29.0,-16.24,+97.8,18.6,88.2,-69.5,3.41,5.61,1.25,WATCH,PET
42.35,1252,voiture,convergente,non,29.4,-17.96,+99.0,17.3,88.2,-70.8,3.40,6.11,1.28,WATCH,PET
42.40,1252,voiture,convergente,non,29.8,-19.80,+100.6,15.2,88.2,-73.0,3.42,7.09,1.28,WATCH,PET
42.45,1252,voiture,convergente,non,30.4,-21.62,+102.3,13.0,88.2,-75.2,3.45,8.43,1.27,WATCH,PET
42.50,1252,voiture,convergente,non,31.0,-23.35,+103.7,10.6,88.2,-77.6,3.54,10.51,1.24,WATCH,PET
42.55,1252,voiture,convergente,non,31.6,-24.98,+105.0,8.3,88.2,-79.9,3.66,13.71,1.18,WATCH,PET
42.60,1252,voiture,convergente,non,32.3,-26.51,+106.0,6.0,88.2,-82.2,3.84,19.36,1.10,WATCH,PET
42.65,1252,voiture,convergente,non,33.1,-27.93,+106.8,3.4,88.2,-84.8,4.12,35.04,0.97,WATCH,PET
42.70,1252,voiture,convergente,non,33.9,-29.16,+106.9,0.0,88.2,-88.1,4.74,2907.11,0.75,SAFE,—
43.10,1326,voiture,convergente,non,35.1,-28.67,+108.1,4.7,74.0,-69.3,4.58,27.13,0.84,WATCH,PET
43.15,1326,voiture,convergente,non,35.7,-29.74,+108.3,2.1,74.0,-71.9,5.07,62.23,0.69,SAFE,—
43.25,1326,voiture,convergente,non,37.0,-31.76,+108.6,2.1,74.0,-71.9,5.19,62.72,0.69,WATCH,PET
44.95,1241,voiture,convergente,non,58.4,+16.00,+138.7,18.0,46.0,-28.1,4.00,11.69,1.83,WATCH,TTC
45.00,1241,voiture,convergente,non,57.5,+13.42,+141.1,18.1,46.5,-28.5,3.82,11.47,1.97,WATCH,TTC
45.05,1241,voiture,convergente,non,56.7,+10.92,+143.4,17.9,46.8,-28.9,3.68,11.42,2.09,WATCH,TTC
45.10,1241,voiture,convergente,non,55.9,+8.51,+145.8,17.6,47.2,-29.7,3.55,11.46,2.21,WATCH,TTC
45.15,1241,voiture,convergente,non,55.0,+6.23,+148.0,17.2,47.5,-30.3,3.45,11.53,2.31,WATCH,TTC
45.20,1241,voiture,convergente,non,54.2,+4.08,+150.1,16.8,47.9,-31.2,3.35,11.65,2.42,WATCH,TTC
45.25,1241,voiture,convergente,non,53.4,+2.07,+152.1,16.3,48.2,-31.9,3.26,11.77,2.51,WATCH,TTC
45.30,1241,voiture,convergente,non,52.6,+0.19,+153.9,15.9,48.6,-32.7,3.18,11.91,2.60,WATCH,TTC
45.35,1241,voiture,convergente,non,51.7,-1.55,+155.7,15.5,48.9,-33.4,3.10,12.05,2.68,WATCH,TTC
45.40,1241,voiture,convergente,non,50.9,-3.17,+157.3,15.0,49.3,-34.3,3.03,12.20,2.77,WATCH,TTC
45.45,1241,voiture,convergente,non,50.1,-4.66,+158.9,14.6,49.6,-35.0,2.97,12.36,2.85,WATCH,TTC
45.50,1241,voiture,convergente,non,49.3,-6.04,+160.5,14.2,50.0,-35.8,2.90,12.52,2.94,WATCH,TTC
45.55,1241,voiture,convergente,non,48.5,-7.31,+162.0,13.8,50.2,-36.5,2.84,12.69,3.01,WATCH,TTC+PET+DRAC
45.60,1241,voiture,convergente,non,47.7,-8.48,+163.3,13.4,50.6,-37.3,2.78,12.86,3.09,CRITICAL,PET
45.65,1241,voiture,convergente,non,46.9,-9.55,+164.6,12.8,50.9,-38.0,2.73,13.14,3.15,CRITICAL,PET
45.70,1241,voiture,convergente,non,46.1,-10.52,+165.7,12.2,51.2,-39.0,2.68,13.59,3.20,CRITICAL,PET
45.75,1241,voiture,convergente,non,45.3,-11.39,+166.8,11.4,51.5,-40.1,2.65,14.27,3.23,SAFE,—
46.75,1241,voiture,voie_opposee,non,29.3,-24.48,+178.7,18.8,59.2,-40.3,1.35,5.60,8.00,WATCH,—
46.80,1241,voiture,voie_opposee,non,28.6,-24.49,+178.4,18.9,59.5,-40.5,1.31,5.43,8.29,WATCH,—
46.85,1241,voiture,voie_opposee,non,27.8,-24.49,+178.1,18.8,59.7,-40.9,1.28,5.32,8.56,WATCH,—
46.90,1241,voiture,voie_opposee,non,27.1,-24.49,+177.9,18.6,60.0,-41.4,1.24,5.24,8.80,WATCH,—
46.95,1241,voiture,voie_opposee,non,26.4,-24.50,+177.7,18.4,60.3,-42.0,1.21,5.18,9.03,WATCH,—
47.00,1241,voiture,voie_opposee,non,25.7,-24.50,+177.5,18.0,60.6,-42.6,1.18,5.14,9.25,WATCH,—
47.05,1241,voiture,voie_opposee,non,25.1,-24.50,+177.3,17.9,60.9,-42.9,1.15,5.04,9.53,WATCH,—
47.10,1241,voiture,voie_opposee,non,24.5,-24.51,+177.2,17.7,61.2,-43.4,1.12,4.98,9.77,WATCH,—
48.60,1247,voiture,convergente,non,39.8,-21.39,+178.2,25.6,66.9,-41.3,1.55,5.60,8.28,WATCH,—
48.65,1247,voiture,convergente,non,38.7,-21.34,+178.3,25.7,67.2,-41.4,1.50,5.42,8.59,WATCH,—
48.70,1247,voiture,convergente,non,37.7,-21.33,+178.5,25.6,67.5,-41.8,1.46,5.29,8.87,WATCH,—
48.75,1247,voiture,convergente,non,36.6,-21.29,+178.7,25.4,67.7,-42.3,1.42,5.20,9.13,WATCH,—
48.80,1247,voiture,convergente,non,35.6,-21.28,+178.9,25.0,68.0,-43.0,1.38,5.12,9.37,WATCH,—
48.85,1247,voiture,convergente,non,34.6,-21.24,+179.0,24.6,68.3,-43.7,1.34,5.07,9.61,WATCH,—
48.90,1247,voiture,convergente,non,33.6,-21.24,+179.2,24.1,68.5,-44.4,1.31,5.02,9.85,WATCH,—
48.95,1247,voiture,convergente,non,32.6,-21.21,+179.3,23.6,68.8,-45.2,1.27,4.99,10.08,WATCH,—
49.00,1247,voiture,voie_opposee,non,31.7,-24.51,+179.6,23.0,69.0,-46.0,1.24,4.96,10.32,WATCH,—
49.05,1247,voiture,voie_opposee,non,30.8,-24.50,+179.9,22.4,69.3,-46.8,1.21,4.93,10.55,WATCH,—
49.10,1247,voiture,voie_opposee,non,29.8,-24.49,+180.0,21.9,69.5,-47.7,1.18,4.92,10.79,WATCH,—
49.15,1247,voiture,voie_opposee,non,29.0,-24.48,+179.9,21.3,69.8,-48.5,1.15,4.90,11.04,WATCH,—
49.20,1247,voiture,voie_opposee,non,28.1,-24.46,+180.0,20.7,70.0,-49.3,1.12,4.89,11.29,WATCH,—
49.25,1247,voiture,voie_opposee,non,27.3,-24.45,+179.9,20.1,70.3,-50.1,1.09,4.89,11.54,WATCH,—
49.30,1247,voiture,voie_opposee,non,26.5,-24.45,+179.8,19.6,70.5,-50.9,1.06,4.89,11.79,WATCH,—
49.35,1247,voiture,voie_opposee,non,25.8,-24.44,+179.8,19.0,70.7,-51.7,1.04,4.89,12.04,WATCH,—
49.40,1247,voiture,voie_opposee,non,25.1,-24.44,+179.7,18.4,71.0,-52.5,1.01,4.90,12.28,WATCH,—
49.45,1247,voiture,voie_opposee,non,24.5,-24.44,+179.7,16.7,71.2,-54.5,1.00,5.27,12.19,WATCH,—
53.55,1297,voiture,convergente,non,59.9,-15.81,+146.7,29.9,88.0,-58.1,2.09,7.22,6.89,DANGER,DRAC
53.60,1297,voiture,convergente,non,58.7,-16.59,+147.3,29.9,88.0,-58.1,2.03,7.08,7.09,DANGER,PET+DRAC
53.65,1297,voiture,convergente,non,57.5,-17.37,+148.0,29.4,88.0,-58.6,1.99,7.03,7.27,DANGER,TTC+PET+DRAC
53.70,1297,voiture,convergente,non,56.3,-18.13,+149.0,29.0,88.0,-59.1,1.94,7.00,7.47,CRITICAL,PET
53.75,1297,voiture,convergente,non,55.1,-18.88,+150.3,28.2,88.0,-59.8,1.90,7.04,7.67,CRITICAL,PET
53.80,1297,voiture,convergente,non,54.0,-19.61,+151.8,27.5,88.0,-60.5,1.85,7.08,7.88,CRITICAL,PET
53.85,1297,voiture,convergente,non,52.8,-20.30,+153.4,26.5,87.9,-61.5,1.81,7.18,8.07,CRITICAL,PET+DRAC
53.90,1297,voiture,convergente,non,51.7,-20.97,+155.2,25.7,87.8,-62.2,1.77,7.25,8.28,WATCH,—
53.95,1297,voiture,convergente,non,50.6,-21.61,+157.0,24.7,87.7,-63.0,1.73,7.38,8.47,WATCH,—
54.00,1297,voiture,convergente,non,49.6,-22.22,+158.9,24.1,87.6,-63.6,1.69,7.42,8.71,WATCH,—
54.05,1297,voiture,convergente,non,48.5,-22.80,+160.7,23.3,87.5,-64.2,1.65,7.50,8.92,WATCH,—
54.10,1297,voiture,convergente,non,47.5,-23.34,+162.6,22.7,87.4,-64.7,1.61,7.53,9.15,WATCH,—
54.15,1297,voiture,convergente,non,46.5,-23.85,+164.5,22.0,87.3,-65.3,1.58,7.61,9.34,WATCH,—
54.20,1297,voiture,convergente,non,45.5,-24.33,+166.3,21.4,87.2,-65.7,1.54,7.63,9.56,WATCH,—
54.25,1297,voiture,convergente,non,44.5,-24.77,+168.0,20.7,87.1,-66.3,1.51,7.72,9.73,WATCH,—
54.30,1297,voiture,convergente,non,43.5,-25.18,+169.7,20.2,87.0,-66.7,1.48,7.74,9.93,WATCH,—
54.35,1297,voiture,convergente,non,42.5,-25.55,+171.3,19.5,86.9,-67.4,1.45,7.84,10.09,WATCH,—
54.40,1297,voiture,convergente,non,41.6,-25.90,+172.7,19.1,86.9,-67.9,1.42,7.85,10.29,WATCH,—
54.45,1297,voiture,convergente,non,40.6,-26.26,+174.2,17.2,86.9,-69.8,1.41,8.52,10.20,WATCH,—
54.50,1297,voiture,convergente,non,39.7,-26.60,+175.5,12.3,86.9,-74.6,1.44,11.59,9.52,WATCH,—
54.55,1297,voiture,convergente,non,38.9,-26.86,+176.7,7.5,87.0,-79.5,1.48,18.66,8.83,WATCH,—
54.60,1297,voiture,convergente,non,38.1,-27.06,+177.7,2.7,87.1,-84.4,1.53,50.50,8.15,WATCH,—
54.65,1297,voiture,convergente,non,37.4,-27.21,+178.4,0.0,87.2,-87.2,1.54,84368.57,7.84,SAFE,—
54.70,1297,voiture,convergente,non,36.7,-27.35,+179.1,0.6,87.3,-86.7,1.50,207.76,8.13,WATCH,—
54.75,1297,voiture,convergente,non,36.0,-27.46,+179.6,0.0,87.4,-87.4,1.48,51463.15,8.19,WATCH,—
54.80,1297,voiture,convergente,non,35.3,-27.56,+180.0,0.0,87.5,-87.5,1.45,57848.01,8.38,WATCH,—
54.85,1297,voiture,convergente,non,34.6,-27.64,+179.7,0.0,87.7,-87.6,1.42,71377.37,8.57,WATCH,—
54.90,1297,voiture,convergente,non,33.9,-27.70,+179.5,0.0,87.8,-87.8,1.39,91865.94,8.76,WATCH,—
54.95,1297,voiture,convergente,non,33.3,-27.76,+179.5,0.0,87.9,-87.9,1.36,121162.52,8.95,WATCH,—
55.00,1297,voiture,convergente,non,32.7,-27.80,+179.4,0.0,87.9,-87.9,1.34,162574.39,9.13,WATCH,—
55.25,1238,voiture,convergente,non,59.8,-18.43,+161.9,0.9,80.6,-79.7,2.78,243.48,3.87,CRITICAL,PET
55.30,1238,voiture,convergente,non,58.9,-18.80,+162.2,0.0,80.7,-80.7,2.76,970756.45,3.87,CRITICAL,PET
55.35,1238,voiture,convergente,non,58.0,-19.16,+162.6,0.0,80.8,-80.8,2.71,5817357.21,3.95,CRITICAL,PET
55.40,1238,voiture,convergente,non,57.1,-19.52,+163.0,0.0,81.0,-81.0,2.66,3712018.85,4.05,WATCH,TTC+DRAC
55.45,1238,voiture,convergente,non,56.3,-19.87,+163.4,0.0,81.1,-81.1,2.61,3434029.59,4.14,SAFE,—
56.05,1260,voiture,convergente,non,41.8,-28.89,+170.9,6.2,89.6,-83.4,1.59,24.40,8.26,WATCH,—
56.10,1260,voiture,convergente,non,41.0,-29.13,+171.3,6.9,90.1,-83.2,1.54,21.42,8.65,WATCH,—
56.15,1260,voiture,convergente,non,40.3,-29.36,+171.8,6.9,90.5,-83.6,1.50,21.08,8.91,WATCH,—
56.20,1260,voiture,convergente,non,39.5,-29.58,+172.2,7.1,90.9,-83.9,1.46,20.14,9.22,WATCH,—
56.25,1260,voiture,convergente,non,38.8,-29.79,+172.7,6.7,91.4,-84.7,1.43,20.89,9.42,WATCH,—
56.30,1260,voiture,convergente,non,38.1,-29.99,+173.1,6.7,91.8,-85.1,1.40,20.45,9.70,WATCH,—
56.35,1260,voiture,convergente,non,37.4,-30.19,+173.6,6.2,92.3,-86.1,1.38,21.70,9.88,WATCH,—
56.40,1260,voiture,convergente,non,36.8,-30.37,+174.0,6.2,92.6,-86.4,1.35,21.40,10.13,WATCH,—
56.45,1260,voiture,convergente,non,36.2,-30.54,+174.5,5.6,92.7,-87.1,1.33,23.06,10.23,WATCH,—
56.50,1260,voiture,convergente,non,35.6,-30.72,+175.1,4.5,92.8,-88.2,1.32,28.23,10.20,WATCH,—
56.75,1238,voiture,convergente,non,34.8,-26.82,+173.6,1.9,83.7,-81.8,1.47,67.39,8.02,WATCH,—
56.80,1238,voiture,convergente,non,34.2,-26.97,+174.0,0.0,83.8,-83.8,1.48,441771.92,7.84,SAFE,—
56.85,1238,voiture,convergente,non,33.6,-27.12,+174.3,0.6,83.9,-83.2,1.44,194.39,8.12,WATCH,—
56.90,1238,voiture,convergente,non,33.0,-27.26,+174.7,0.0,83.8,-83.8,1.43,684223.52,8.14,WATCH,—
56.95,1238,voiture,convergente,non,32.5,-27.39,+175.1,0.0,83.7,-83.7,1.40,503453.49,8.26,WATCH,—
57.00,1238,voiture,convergente,non,32.0,-27.51,+175.5,0.0,83.6,-83.6,1.38,549338.78,8.38,WATCH,—
57.05,1291,voiture,convergente,non,59.6,-22.59,+159.0,0.0,72.0,-72.0,3.19,1269609.47,2.92,CRITICAL,PET
57.10,1291,voiture,convergente,non,58.9,-22.95,+159.1,0.0,72.3,-72.3,3.14,1628385.65,2.99,CRITICAL,PET
57.15,1291,voiture,convergente,non,58.2,-23.31,+159.1,0.0,72.7,-72.7,3.08,2133756.75,3.06,WATCH,TTC+DRAC
57.20,1291,voiture,convergente,non,57.5,-23.68,+159.1,0.0,73.0,-73.0,3.03,2826564.59,3.13,WATCH,TTC+DRAC
57.25,1291,voiture,convergente,non,56.8,-24.04,+159.2,0.0,73.4,-73.4,2.98,3745357.62,3.20,SAFE,—
57.55,1265,voiture,convergente,non,59.8,-9.85,+159.3,2.0,82.9,-80.9,2.70,106.74,4.08,WATCH,TTC+DRAC
57.60,1265,voiture,convergente,non,58.8,-10.27,+159.7,0.0,82.9,-82.9,2.72,123772.73,3.97,WATCH,TTC+DRAC
57.65,1265,voiture,convergente,non,57.8,-10.68,+160.1,0.0,82.9,-82.9,2.67,820876.02,4.06,WATCH,TTC+DRAC
57.70,1265,voiture,convergente,non,56.8,-11.08,+160.5,0.0,82.9,-82.9,2.62,8970467.87,4.15,WATCH,TTC+DRAC
57.75,1265,voiture,convergente,non,55.8,-11.48,+161.0,0.0,82.9,-82.9,2.56,2398774.35,4.24,WATCH,TTC+DRAC
57.80,1265,voiture,convergente,non,54.8,-11.86,+161.5,0.0,82.9,-82.9,2.51,2239207.63,4.34,WATCH,TTC+DRAC
57.85,1265,voiture,convergente,non,53.9,-12.24,+161.9,0.0,82.9,-82.9,2.46,2594015.94,4.45,WATCH,TTC+DRAC
57.90,1265,voiture,convergente,non,52.9,-12.61,+162.4,0.0,82.9,-82.9,2.41,3226325.65,4.55,WATCH,TTC+DRAC
57.95,1265,voiture,convergente,non,51.9,-12.97,+162.8,0.0,82.9,-82.9,2.36,4169790.29,4.66,CRITICAL,PET
58.00,1265,voiture,convergente,non,50.9,-13.32,+163.2,0.0,82.9,-82.9,2.31,,4.77,WATCH,TTC+DRAC
58.05,1265,voiture,convergente,non,50.0,-13.67,+163.6,0.0,82.9,-82.9,2.26,8677510.71,4.88,CRITICAL,PET
58.10,1265,voiture,convergente,non,49.0,-14.00,+164.1,0.0,82.9,-82.9,2.21,8579337.76,5.00,CRITICAL,PET
58.15,1265,voiture,convergente,non,48.1,-14.33,+164.4,0.0,82.9,-82.9,2.17,10016805.98,5.12,CRITICAL,PET
58.20,1265,voiture,convergente,non,47.1,-14.65,+164.9,0.0,82.9,-82.9,2.12,12502115.21,5.24,WATCH,TTC+DRAC
58.25,1265,voiture,convergente,non,46.1,-14.96,+165.3,0.0,82.9,-82.9,2.07,16526739.93,5.37,SAFE,—
58.80,1265,voiture,convergente,non,35.8,-17.91,+169.6,5.1,82.9,-77.8,1.49,25.29,8.08,WATCH,—
58.85,1265,voiture,convergente,non,34.9,-18.08,+169.8,3.3,82.9,-79.6,1.48,38.55,7.95,SAFE,—
58.95,1265,voiture,convergente,non,33.2,-18.50,+170.6,2.8,82.9,-80.1,1.41,42.73,8.31,WATCH,—
59.00,1265,voiture,convergente,non,32.4,-18.69,+171.0,0.0,82.9,-82.9,1.42,64889.09,7.99,SAFE,—
59.05,1265,voiture,convergente,non,31.5,-18.88,+171.4,0.6,82.9,-82.3,1.38,190.70,8.33,WATCH,—
59.10,1265,voiture,convergente,non,30.8,-19.07,+171.8,0.0,82.9,-82.9,1.35,582066.97,8.44,WATCH,—
59.15,1265,voiture,convergente,non,30.0,-19.24,+172.2,0.0,82.9,-82.9,1.31,344523.01,8.67,WATCH,—
59.20,1265,voiture,convergente,non,29.2,-19.41,+172.6,0.0,82.9,-82.9,1.28,358071.87,8.92,WATCH,—
59.25,1265,voiture,convergente,non,28.5,-19.57,+173.0,0.0,82.9,-82.9,1.25,427390.40,9.16,WATCH,—
59.30,1265,voiture,convergente,non,27.8,-19.72,+173.4,0.0,82.9,-82.9,1.21,538049.60,9.41,WATCH,—
59.35,1265,voiture,convergente,non,27.1,-19.86,+173.7,0.0,82.9,-82.9,1.18,693453.48,9.66,WATCH,—
59.40,1265,voiture,convergente,non,26.4,-20.00,+174.1,0.0,82.9,-82.9,1.15,903132.22,9.92,WATCH,—
59.45,1265,voiture,convergente,non,25.8,-20.13,+174.5,0.0,82.9,-82.9,1.13,1183174.12,10.18,WATCH,—
59.50,1265,voiture,convergente,non,25.2,-20.25,+174.9,0.0,82.9,-82.9,1.10,2939784.33,10.44,WATCH,—
59.55,1265,voiture,convergente,non,24.6,-20.36,+175.3,0.0,82.9,-82.9,1.07,2140835.15,10.69,WATCH,—
59.60,1265,voiture,convergente,non,24.1,-20.46,+175.8,0.0,82.9,-82.9,1.05,2319264.51,10.94,WATCH,—
59.95,1268,voiture,convergente,non,60.0,-17.84,+161.3,1.9,100.7,-98.9,2.22,116.03,6.08,CRITICAL,PET
60.00,1268,voiture,convergente,non,58.9,-18.31,+161.7,0.0,100.7,-100.7,2.22,241316.63,6.00,CRITICAL,PET
60.05,1268,voiture,convergente,non,57.8,-18.77,+162.2,0.0,100.7,-100.7,2.17,1123176.96,6.14,CRITICAL,PET
60.10,1268,voiture,convergente,non,56.7,-19.22,+162.7,0.0,100.7,-100.7,2.12,6820687.81,6.30,DANGER,DRAC
60.15,1268,voiture,convergente,non,55.6,-19.66,+163.2,0.0,100.7,-100.7,2.07,2724528.66,6.45,SAFE,—
60.45,1242,voiture,convergente,non,59.4,-13.79,+160.1,2.1,87.2,-85.1,2.55,102.23,4.59,WATCH,TTC+DRAC
60.50,1242,voiture,convergente,non,58.4,-14.20,+160.5,0.0,87.2,-87.2,2.56,130872.43,4.46,WATCH,TTC+DRAC
60.50,1272,camion,convergente,non,59.9,-22.22,+159.0,0.0,72.8,-72.8,3.17,134140.45,2.98,CRITICAL,PET
60.55,1242,voiture,convergente,non,57.4,-14.61,+160.9,0.0,87.2,-87.2,2.51,886043.16,4.56,WATCH,TTC+DRAC
60.55,1272,camion,convergente,non,59.1,-22.58,+159.0,0.0,72.5,-72.5,3.15,912615.39,2.99,CRITICAL,PET
60.60,1268,voiture,convergente,non,46.0,-23.12,+167.4,0.0,100.7,-100.7,1.69,4084792.67,8.09,WATCH,—
60.60,1242,voiture,convergente,non,56.4,-15.02,+161.4,0.0,87.2,-87.2,2.46,5005555.56,4.67,WATCH,TTC+DRAC
