t,distance_parcourue_m,vitesse_kmh,niveau,n_agents_percus,obstacle_statique_m,recommandation
0.05,0.1,5.3,SAFE,0,,Voie libre
0.10,0.2,7.1,SAFE,0,,Voie libre
0.15,0.3,8.8,SAFE,0,,Voie libre
0.20,0.4,4.3,SAFE,0,,Voie libre
0.25,0.4,1.5,SAFE,0,,Voie libre
0.30,0.4,0.1,SAFE,0,,Voie libre
0.35,0.4,0.4,SAFE,0,,Voie libre
0.40,0.4,0.6,SAFE,0,,Voie libre
0.45,0.4,0.5,SAFE,0,,Voie libre
0.50,0.4,0.5,SAFE,0,,Voie libre
0.55,0.4,0.4,SAFE,0,,Voie libre
0.60,0.4,0.3,SAFE,0,,Voie libre
0.65,0.4,0.2,SAFE,0,,Voie libre
0.70,0.4,0.1,SAFE,0,,Voie libre
0.75,0.4,0.1,SAFE,0,,Voie libre
0.80,0.4,0.1,SAFE,0,,Voie libre
0.85,0.5,3.2,SAFE,0,,Voie libre
0.90,0.5,5.0,SAFE,0,,Voie libre
0.95,0.6,6.5,SAFE,0,,Voie libre
1.00,0.7,7.3,SAFE,0,,Voie libre
1.05,0.8,8.1,SAFE,0,,Voie libre
1.10,0.9,8.7,SAFE,0,,Voie libre
1.15,1.1,9.3,SAFE,0,,Voie libre
1.20,1.2,9.9,SAFE,0,,Voie libre
1.25,1.3,10.4,SAFE,0,,Voie libre
1.30,1.5,11.0,SAFE,0,,Voie libre
1.35,1.6,11.5,SAFE,0,,Voie libre
1.40,1.8,12.0,SAFE,0,,Voie libre
1.45,2.0,12.4,SAFE,0,,Voie libre
1.50,2.2,12.9,SAFE,0,,Voie libre
1.55,2.3,13.3,SAFE,0,,SAFE : Arrêt au feu rouge
1.60,2.5,13.6,SAFE,0,,SAFE : Arrêt au feu rouge
1.65,2.7,13.4,SAFE,0,,SAFE : Arrêt au feu rouge
1.70,2.9,12.9,SAFE,0,,SAFE : Arrêt au feu rouge
1.75,3.1,12.2,SAFE,0,,SAFE : Arrêt au feu rouge
1.80,3.2,11.4,SAFE,0,,SAFE : Arrêt au feu rouge
1.85,3.4,10.6,SAFE,0,,SAFE : Arrêt au feu rouge
1.90,3.5,9.9,SAFE,0,,SAFE : Arrêt au feu rouge
1.95,3.7,9.1,SAFE,0,,SAFE : Arrêt au feu rouge
2.00,3.8,8.3,SAFE,1,,SAFE : Arrêt au feu rouge
2.05,3.9,7.1,SAFE,1,,SAFE : Arrêt au feu rouge
2.10,3.9,2.3,SAFE,1,,SAFE : Arrêt au feu rouge
2.15,3.9,0.0,SAFE,1,,SAFE : Arrêt au feu rouge
2.20,3.9,0.0,SAFE,1,,SAFE : Arrêt au feu rouge
2.25,3.9,0.0,SAFE,1,,SAFE : Arrêt au feu rouge
2.30,3.9,0.0,SAFE,1,,SAFE : Arrêt au feu rouge
2.35,3.9,0.0,SAFE,0,,SAFE : Arrêt au feu rouge
2.40,3.9,0.0,SAFE,0,,SAFE : Arrêt au feu rouge
2.45,3.9,0.0,SAFE,0,,SAFE : Arrêt au feu rouge
2.50,3.9,0.0,SAFE,0,,SAFE : Arrêt au feu rouge
2.55,3.9,0.0,SAFE,0,,SAFE : Arrêt au feu rouge
2.60,3.9,0.0,SAFE,0,,SAFE : Arrêt au feu rouge
2.65,3.9,0.0,SAFE,0,,SAFE : Arrêt au feu rouge
2.70,3.9,0.0,SAFE,1,,SAFE : Arrêt au feu rouge
2.75,3.9,0.0,SAFE,1,,SAFE : Arrêt au feu rouge
2.80,3.9,0.0,SAFE,1,,SAFE : Arrêt au feu rouge
2.85,3.9,0.0,SAFE,1,,SAFE : Arrêt au feu rouge
2.90,3.9,0.0,SAFE,1,,SAFE : Arrêt au feu rouge
2.95,3.9,0.0,SAFE,1,,SAFE : Arrêt au feu rouge
3.00,3.9,0.0,SAFE,1,,SAFE : Arrêt au feu rouge
3.05,3.9,0.0,SAFE,0,,SAFE : Arrêt au feu rouge
3.10,3.9,0.0,SAFE,0,,SAFE : Arrêt au feu rouge
3.15,3.9,0.0,SAFE,0,,SAFE : Arrêt au feu rouge
3.20,3.9,0.0,SAFE,0,,SAFE : Arrêt au feu rouge
3.25,3.9,0.0,SAFE,0,,SAFE : Arrêt au feu rouge
3.30,3.9,0.0,SAFE,1,,SAFE : Arrêt au feu rouge
3.35,3.9,0.0,SAFE,1,,SAFE : Arrêt au feu rouge
3.40,3.9,0.0,SAFE,1,,SAFE : Arrêt au feu rouge
3.45,3.9,0.0,SAFE,1,,SAFE : Arrêt au feu rouge
3.50,3.9,0.0,SAFE,1,,SAFE : Arrêt au feu rouge
3.55,3.9,0.0,SAFE,1,,SAFE : Arrêt au feu rouge
3.60,3.9,0.0,SAFE,1,,SAFE : Arrêt au feu rouge
3.65,3.9,0.0,SAFE,0,,SAFE : Arrêt au feu rouge
3.70,3.9,0.0,SAFE,0,,SAFE : Arrêt au feu rouge
3.75,3.9,0.0,SAFE,0,,SAFE : Arrêt au feu rouge
3.80,3.9,0.0,SAFE,0,,SAFE : Arrêt au feu rouge
3.85,3.9,0.0,SAFE,0,,SAFE : Arrêt au feu rouge
3.90,3.9,0.0,SAFE,1,,SAFE : Arrêt au feu rouge
3.95,3.9,0.0,SAFE,1,,SAFE : Arrêt au feu rouge
4.00,3.9,0.0,SAFE,1,,SAFE : Arrêt au feu rouge
4.05,3.9,0.0,SAFE,1,,SAFE : Arrêt au feu rouge
4.10,3.9,0.0,SAFE,1,,SAFE : Arrêt au feu rouge
4.15,3.9,0.0,SAFE,1,,SAFE : Arrêt au feu rouge
4.20,3.9,0.0,SAFE,1,,SAFE : Arrêt au feu rouge
4.25,3.9,0.0,SAFE,0,,SAFE : Arrêt au feu rouge
4.30,3.9,0.0,SAFE,0,,SAFE : Arrêt au feu rouge
4.35,3.9,0.0,SAFE,0,,SAFE : Arrêt au feu rouge
4.40,3.9,0.0,SAFE,0,,SAFE : Arrêt au feu rouge
4.45,3.9,0.0,SAFE,0,,SAFE : Arrêt au feu rouge
4.50,3.9,0.0,SAFE,1,,SAFE : Arrêt au feu rouge
4.55,3.9,0.0,SAFE,1,,SAFE : Arrêt au feu rouge
4.60,3.9,0.0,SAFE,1,,SAFE : Arrêt au feu rouge
4.65,3.9,0.0,SAFE,1,,SAFE : Arrêt au feu rouge
4.70,3.9,0.0,SAFE,1,,SAFE : Arrêt au feu rouge
4.75,3.9,0.0,SAFE,1,,SAFE : Arrêt au feu rouge
4.80,3.9,0.0,SAFE,1,,SAFE : Arrêt au feu rouge
4.85,3.9,0.0,SAFE,0,,SAFE : Arrêt au feu rouge
4.90,3.9,0.0,SAFE,0,,SAFE : Arrêt au feu rouge
4.95,3.9,0.0,SAFE,0,,SAFE : Arrêt au feu rouge
5.00,3.9,0.0,SAFE,0,,SAFE : Arrêt au feu rouge
5.05,3.9,0.0,SAFE,1,,SAFE : Arrêt au feu rouge
5.10,3.9,0.0,SAFE,1,,SAFE : Arrêt au feu rouge
5.15,3.9,0.0,SAFE,1,,SAFE : Arrêt au feu rouge
5.20,3.9,0.0,SAFE,1,,SAFE : Arrêt au feu rouge
5.25,3.9,0.0,SAFE,1,,SAFE : Arrêt au feu rouge
5.30,3.9,0.0,SAFE,1,,SAFE : Arrêt au feu rouge
5.35,3.9,0.0,SAFE,1,,SAFE : Arrêt au feu rouge
5.40,3.9,0.0,SAFE,0,,SAFE : Arrêt au feu rouge
5.45,3.9,0.0,SAFE,0,,SAFE : Arrêt au feu rouge
5.50,3.9,0.0,SAFE,0,,SAFE : Arrêt au feu rouge
5.55,3.9,0.0,SAFE,0,,SAFE : Arrêt au feu rouge
5.60,3.9,0.0,SAFE,0,,SAFE : Arrêt au feu rouge
5.65,3.9,0.0,SAFE,1,,SAFE : Arrêt au feu rouge
5.70,3.9,0.0,SAFE,1,,SAFE : Arrêt au feu rouge
5.75,3.9,0.0,SAFE,1,,SAFE : Arrêt au feu rouge
5.80,3.9,0.0,SAFE,1,,SAFE : Arrêt au feu rouge
5.85,3.9,0.0,SAFE,1,,SAFE : Arrêt au feu rouge
5.90,3.9,0.0,SAFE,1,,SAFE : Arrêt au feu rouge
5.95,3.9,0.0,SAFE,1,,SAFE : Arrêt au feu rouge
6.00,3.9,0.0,SAFE,1,,SAFE : Arrêt au feu rouge
6.05,3.9,0.0,SAFE,1,,SAFE : Arrêt au feu rouge
6.10,3.9,0.0,SAFE,1,,SAFE : Arrêt au feu rouge
6.15,3.9,0.0,SAFE,1,,SAFE : Arrêt au feu rouge
6.20,3.9,0.0,SAFE,1,,SAFE : Arrêt au feu rouge
6.25,3.9,0.0,SAFE,1,,SAFE : Arrêt au feu rouge
6.30,3.9,0.0,SAFE,0,,SAFE : Arrêt au feu rouge
6.35,3.9,0.0,SAFE,0,,SAFE : Arrêt au feu rouge
6.40,3.9,0.0,SAFE,0,,SAFE : Arrêt au feu rouge
6.45,3.9,0.0,SAFE,0,,SAFE : Arrêt au feu rouge
6.50,3.9,0.0,SAFE,0,,SAFE : Arrêt au feu rouge
6.55,3.9,0.0,SAFE,0,,SAFE : Arrêt au feu rouge
6.60,3.9,0.0,SAFE,0,,SAFE : Arrêt au feu rouge
6.65,3.9,0.0,SAFE,0,,SAFE : Arrêt au feu rouge
6.70,3.9,0.0,SAFE,0,,SAFE : Arrêt au feu rouge
6.75,3.9,0.0,SAFE,1,,SAFE : Arrêt au feu rouge
6.80,3.9,0.0,SAFE,1,,SAFE : Arrêt au feu rouge
6.85,3.9,0.0,SAFE,1,,SAFE : Arrêt au feu rouge
6.90,3.9,0.0,SAFE,1,,SAFE : Arrêt au feu rouge
6.95,3.9,0.0,SAFE,1,,SAFE : Arrêt au feu rouge
7.00,3.9,0.0,SAFE,1,,SAFE : Arrêt au feu rouge
7.05,3.9,0.0,SAFE,1,,SAFE : Arrêt au feu rouge
7.10,3.9,0.0,SAFE,1,,SAFE : Arrêt au feu rouge
7.15,3.9,0.0,SAFE,1,,SAFE : Arrêt au feu rouge
7.20,3.9,0.0,SAFE,1,,SAFE : Arrêt au feu rouge
7.25,3.9,0.0,SAFE,1,,SAFE : Arrêt au feu rouge
7.30,3.9,0.0,SAFE,1,,SAFE : Arrêt au feu rouge
7.35,3.9,0.0,SAFE,1,,SAFE : Arrêt au feu rouge
7.40,3.9,0.0,SAFE,1,,SAFE : Arrêt au feu rouge
7.45,3.9,0.0,SAFE,1,,SAFE : Arrêt au feu rouge
7.50,3.9,0.0,SAFE,1,,SAFE : Arrêt au feu rouge
7.55,3.9,0.0,SAFE,1,,SAFE : Arrêt au feu rouge
7.60,3.9,0.0,SAFE,1,,SAFE : Arrêt au feu rouge
7.65,3.9,0.0,SAFE,1,,SAFE : Arrêt au feu rouge
7.70,3.9,0.0,SAFE,1,,SAFE : Arrêt au feu rouge
7.75,3.9,0.0,SAFE,1,,SAFE : Arrêt au feu rouge
7.80,3.9,0.0,SAFE,1,,SAFE : Arrêt au feu rouge
7.85,3.9,0.0,SAFE,1,,SAFE : Arrêt au feu rouge
7.90,3.9,0.0,SAFE,1,,SAFE : Arrêt au feu rouge
7.95,3.9,0.0,SAFE,1,,SAFE : Arrêt au feu rouge
8.00,3.9,0.0,SAFE,1,,SAFE : Arrêt au feu rouge
8.05,3.9,0.0,SAFE,0,,SAFE : Arrêt au feu rouge
8.10,3.9,0.0,SAFE,0,,SAFE : Arrêt au feu rouge
8.15,3.9,0.0,SAFE,0,,SAFE : Arrêt au feu rouge
8.20,3.9,0.0,SAFE,0,,SAFE : Arrêt au feu rouge
8.25,3.9,0.0,SAFE,0,,SAFE : Arrêt au feu rouge
8.30,3.9,0.0,SAFE,0,,SAFE : Arrêt au feu rouge
8.35,3.9,0.0,SAFE,0,,SAFE : Arrêt au feu rouge
8.40,3.9,0.0,SAFE,0,,SAFE : Arrêt au feu rouge
8.45,3.9,0.0,SAFE,0,,SAFE : Arrêt au feu rouge
8.50,3.9,0.0,SAFE,0,,SAFE : Arrêt au feu rouge
8.55,3.9,0.0,SAFE,0,,SAFE : Arrêt au feu rouge
8.60,3.9,0.0,SAFE,0,,SAFE : Arrêt au feu rouge
8.65,3.9,0.0,SAFE,0,,SAFE : Arrêt au feu rouge
8.70,3.9,0.0,SAFE,0,,SAFE : Arrêt au feu rouge
8.75,3.9,0.0,SAFE,0,,SAFE : Arrêt au feu rouge
8.80,3.9,0.0,SAFE,0,,SAFE : Arrêt au feu rouge
8.85,3.9,0.0,SAFE,0,,SAFE : Arrêt au feu rouge
8.90,3.9,0.0,SAFE,0,,SAFE : Arrêt au feu rouge
8.95,3.9,0.0,SAFE,0,,SAFE : Arrêt au feu rouge
9.00,3.9,0.0,SAFE,0,,SAFE : Arrêt au feu rouge
9.05,3.9,0.0,SAFE,0,,SAFE : Arrêt au feu rouge
9.10,3.9,0.0,SAFE,0,,SAFE : Arrêt au feu rouge
9.15,3.9,0.0,SAFE,0,,SAFE : Arrêt au feu rouge
9.20,3.9,0.0,SAFE,0,,SAFE : Arrêt au feu rouge
9.25,3.9,0.0,SAFE,0,,SAFE : Arrêt au feu rouge
9.30,3.9,0.0,SAFE,0,,SAFE : Arrêt au feu rouge
9.35,3.9,0.0,SAFE,0,,SAFE : Arrêt au feu rouge
9.40,3.9,0.0,SAFE,0,,SAFE : Arrêt au feu rouge
9.45,3.9,0.0,SAFE,0,,SAFE : Arrêt au feu rouge
9.50,3.9,0.0,SAFE,0,,SAFE : Arrêt au feu rouge
9.55,3.9,0.0,SAFE,0,,SAFE : Arrêt au feu rouge
9.60,3.9,0.0,SAFE,0,,SAFE : Arrêt au feu rouge
9.65,3.9,0.0,SAFE,0,,SAFE : Arrêt au feu rouge
9.70,3.9,0.0,SAFE,0,,SAFE : Arrêt au feu rouge
9.75,3.9,0.0,SAFE,0,,SAFE : Arrêt au feu rouge
9.80,3.9,0.0,SAFE,0,,SAFE : Arrêt au feu rouge
9.85,3.9,0.0,SAFE,0,,SAFE : Arrêt au feu rouge
9.90,3.9,0.0,SAFE,0,,SAFE : Arrêt au feu rouge
9.95,3.9,0.0,SAFE,0,,SAFE : Arrêt au feu rouge
10.00,3.9,0.0,SAFE,0,,SAFE : Arrêt au feu rouge
10.05,3.9,0.0,SAFE,0,,SAFE : Arrêt au feu rouge
10.10,3.9,0.0,SAFE,0,,SAFE : Arrêt au feu rouge
10.15,3.9,0.0,SAFE,0,,SAFE : Arrêt au feu rouge
10.20,3.9,0.0,SAFE,0,,SAFE : Arrêt au feu rouge
10.25,3.9,0.0,SAFE,0,,SAFE : Arrêt au feu rouge
10.30,3.9,0.0,SAFE,0,,SAFE : Arrêt au feu rouge
10.35,3.9,0.0,SAFE,0,,SAFE : Arrêt au feu rouge
10.40,3.9,0.0,SAFE,0,,SAFE : Arrêt au feu rouge
10.45,3.9,0.0,SAFE,0,,SAFE : Arrêt au feu rouge
10.50,3.9,0.0,SAFE,0,,SAFE : Arrêt au feu rouge
10.55,3.9,0.0,SAFE,0,,SAFE : Arrêt au feu rouge
10.60,3.9,0.0,SAFE,0,,SAFE : Arrêt au feu rouge
10.65,3.9,0.0,SAFE,0,,SAFE : Arrêt au feu rouge
10.70,3.9,0.0,SAFE,0,,SAFE : Arrêt au feu rouge
10.75,3.9,0.0,SAFE,0,,SAFE : Arrêt au feu rouge
10.80,3.9,0.0,SAFE,0,,SAFE : Arrêt au feu rouge
10.85,3.9,0.0,SAFE,0,,SAFE : Arrêt au feu rouge
10.90,3.9,0.0,SAFE,0,,SAFE : Arrêt au feu rouge
10.95,3.9,0.0,SAFE,0,,SAFE : Arrêt au feu rouge
11.00,3.9,0.0,SAFE,0,,SAFE : Arrêt au feu rouge
11.05,3.9,0.0,SAFE,0,,SAFE : Arrêt au feu rouge
11.10,3.9,0.0,SAFE,0,,SAFE : Arrêt au feu rouge
11.15,3.9,0.0,SAFE,0,,SAFE : Arrêt au feu rouge
11.20,3.9,0.0,SAFE,0,,SAFE : Arrêt au feu rouge
11.25,3.9,0.0,SAFE,0,,SAFE : Arrêt au feu rouge
11.30,3.9,0.0,SAFE,0,,SAFE : Arrêt au feu rouge
11.35,3.9,0.0,SAFE,0,,SAFE : Arrêt au feu rouge
11.40,3.9,0.0,SAFE,0,,SAFE : Arrêt au feu rouge
11.45,3.9,0.0,SAFE,0,,SAFE : Arrêt au feu rouge
11.50,3.9,0.0,SAFE,0,,SAFE : Arrêt au feu rouge
11.55,3.9,0.0,SAFE,0,,SAFE : Arrêt au feu rouge
11.60,3.9,0.0,SAFE,0,,SAFE : Arrêt au feu rouge
11.65,3.9,0.0,SAFE,0,,SAFE : Arrêt au feu rouge
11.70,3.9,0.0,SAFE,0,,SAFE : Arrêt au feu rouge
11.75,3.9,0.0,SAFE,0,,SAFE : Arrêt au feu rouge
11.80,3.9,0.0,SAFE,0,,SAFE : Arrêt au feu rouge
11.85,3.9,0.0,SAFE,0,,SAFE : Arrêt au feu rouge
11.90,3.9,0.0,SAFE,0,,SAFE : Arrêt au feu rouge
11.95,3.9,0.0,SAFE,0,,SAFE : Arrêt au feu rouge
12.00,3.9,0.0,SAFE,0,,SAFE : Arrêt au feu rouge
12.05,3.9,0.0,SAFE,0,,SAFE : Arrêt au feu rouge
12.10,3.9,0.0,SAFE,0,,SAFE : Arrêt au feu rouge
12.15,3.9,0.0,SAFE,0,,SAFE : Arrêt au feu rouge
12.20,3.9,0.0,SAFE,0,,SAFE : Arrêt au feu rouge
12.25,3.9,0.0,SAFE,0,,SAFE : Arrêt au feu rouge
12.30,3.9,0.0,SAFE,0,,SAFE : Arrêt au feu rouge
12.35,3.9,0.0,SAFE,0,,SAFE : Arrêt au feu rouge
12.40,3.9,0.0,SAFE,0,,SAFE : Arrêt au feu rouge
12.45,3.9,0.0,SAFE,0,,SAFE : Arrêt au feu rouge
12.50,3.9,0.0,SAFE,0,,SAFE : Arrêt au feu rouge
12.55,3.9,0.0,SAFE,0,,SAFE : Arrêt au feu rouge
12.60,3.9,0.0,SAFE,0,,SAFE : Arrêt au feu rouge
12.65,3.9,0.0,SAFE,0,,SAFE : Arrêt au feu rouge
12.70,3.9,0.0,SAFE,0,,SAFE : Arrêt au feu rouge
12.75,3.9,0.0,SAFE,0,,SAFE : Arrêt au feu rouge
12.80,3.9,0.0,SAFE,0,,SAFE : Arrêt au feu rouge
12.85,3.9,0.0,SAFE,0,,SAFE : Arrêt au feu rouge
12.90,3.9,0.0,SAFE,0,,SAFE : Arrêt au feu rouge
12.95,3.9,0.0,SAFE,0,,SAFE : Arrêt au feu rouge
13.00,3.9,0.0,SAFE,0,,SAFE : Arrêt au feu rouge
13.05,3.9,0.0,SAFE,0,,SAFE : Arrêt au feu rouge
13.10,3.9,0.0,SAFE,0,,SAFE : Arrêt au feu rouge
13.15,3.9,0.0,SAFE,0,,SAFE : Arrêt au feu rouge
13.20,3.9,0.0,SAFE,0,,SAFE : Arrêt au feu rouge
13.25,3.9,0.0,SAFE,0,,SAFE : Arrêt au feu rouge
13.30,3.9,0.0,SAFE,0,,SAFE : Arrêt au feu rouge
13.35,3.9,0.0,SAFE,0,,SAFE : Arrêt au feu rouge
13.40,3.9,0.0,SAFE,0,,SAFE : Arrêt au feu rouge
13.45,3.9,0.0,SAFE,0,,SAFE : Arrêt au feu rouge
13.50,3.9,0.0,SAFE,0,,SAFE : Arrêt au feu rouge
13.55,3.9,0.0,SAFE,0,,SAFE : Arrêt au feu rouge
13.60,3.9,0.0,SAFE,0,,SAFE : Arrêt au feu rouge
13.65,3.9,0.0,SAFE,0,,SAFE : Arrêt au feu rouge
13.70,3.9,0.0,SAFE,0,,SAFE : Arrêt au feu rouge
13.75,3.9,0.0,SAFE,0,,SAFE : Arrêt au feu rouge
13.80,3.9,0.0,SAFE,0,,SAFE : Arrêt au feu rouge
13.85,3.9,0.0,SAFE,0,,SAFE : Arrêt au feu rouge
13.90,3.9,0.0,SAFE,0,,SAFE : Arrêt au feu rouge
13.95,3.9,0.0,SAFE,0,,SAFE : Arrêt au feu rouge
14.00,3.9,0.0,SAFE,0,,SAFE : Arrêt au feu rouge
14.05,3.9,0.0,SAFE,0,,SAFE : Arrêt au feu rouge
14.10,3.9,0.0,SAFE,0,,SAFE : Arrêt au feu rouge
14.15,3.9,0.0,SAFE,0,,SAFE : Arrêt au feu rouge
14.20,3.9,0.0,SAFE,0,,SAFE : Arrêt au feu rouge
14.25,3.9,0.0,SAFE,0,,SAFE : Arrêt au feu rouge
14.30,3.9,0.0,SAFE,0,,SAFE : Arrêt au feu rouge
14.35,3.9,0.0,SAFE,0,,SAFE : Arrêt au feu rouge
14.40,3.9,0.0,SAFE,0,,SAFE : Arrêt au feu rouge
14.45,3.9,0.0,SAFE,0,,SAFE : Arrêt au feu rouge
14.50,3.9,0.0,SAFE,0,,SAFE : Arrêt au feu rouge
14.55,3.9,0.0,SAFE,0,,SAFE : Arrêt au feu rouge
14.60,3.9,0.0,SAFE,0,,SAFE : Arrêt au feu rouge
14.65,3.9,0.0,SAFE,0,,SAFE : Arrêt au feu rouge
14.70,3.9,0.0,SAFE,0,,SAFE : Arrêt au feu rouge
14.75,3.9,0.0,SAFE,0,,SAFE : Arrêt au feu rouge
14.80,3.9,0.0,SAFE,0,,SAFE : Arrêt au feu rouge
14.85,3.9,0.0,SAFE,0,,SAFE : Arrêt au feu rouge
14.90,3.9,0.0,SAFE,0,,SAFE : Arrêt au feu rouge
14.95,3.9,0.0,SAFE,0,,SAFE : Arrêt au feu rouge
15.00,3.9,0.0,SAFE,0,,SAFE : Arrêt au feu rouge
15.05,3.9,0.0,SAFE,0,,Voie libre
15.10,3.9,0.0,SAFE,0,,Voie libre
15.15,3.9,0.0,SAFE,0,,Voie libre
15.20,3.9,0.0,SAFE,0,,Voie libre
15.25,3.9,0.6,SAFE,0,,Voie libre
15.30,4.0,0.9,SAFE,0,,Voie libre
15.35,4.0,1.4,SAFE,0,,Voie libre
15.40,4.0,2.0,SAFE,0,,Voie libre
15.45,4.0,2.5,SAFE,0,,Voie libre
15.50,4.1,2.8,SAFE,0,,Voie libre
15.55,4.1,3.6,SAFE,0,,Voie libre
15.60,4.2,3.9,SAFE,0,,Voie libre
15.65,4.2,4.7,SAFE,0,,Voie libre
15.70,4.3,5.1,SAFE,0,,Voie libre
15.75,4.4,5.9,SAFE,0,,Voie libre
15.80,4.5,6.2,SAFE,0,,Voie libre
15.85,4.6,7.0,SAFE,0,,Voie libre
15.90,4.7,7.4,SAFE,0,,Voie libre
15.95,4.8,8.1,SAFE,0,,Voie libre
16.00,4.9,8.4,SAFE,0,,Voie libre
16.05,5.0,9.1,CRITICAL,1,,FREINEZ de 9 km/h  (9 -> 0 km/h)
16.10,5.1,9.3,CRITICAL,1,,FREINEZ de 9 km/h  (9 -> 0 km/h)
16.15,5.3,9.2,CRITICAL,1,,FREINEZ de 9 km/h  (9 -> 0 km/h)
16.20,5.4,8.7,CRITICAL,1,,FREINEZ de 8 km/h  (9 -> 1 km/h)
16.25,5.5,8.2,CRITICAL,1,,FREINEZ de 8 km/h  (8 -> 1 km/h)
16.30,5.6,7.5,CRITICAL,1,,FREINEZ de 7 km/h  (8 -> 0 km/h)
16.35,5.7,3.9,CRITICAL,1,,FREINEZ de 3 km/h  (4 -> 0 km/h)
16.40,5.7,0.0,SAFE,1,,Situation maîtrisée
16.45,5.7,0.0,SAFE,1,,Situation maîtrisée
16.50,5.7,0.0,SAFE,1,,Situation maîtrisée
16.55,5.7,0.6,SAFE,1,,Situation maîtrisée
16.60,5.7,1.0,CRITICAL,1,,Vigilance — situation à la limite
16.65,5.7,0.0,SAFE,0,,Voie libre
16.70,5.7,0.3,SAFE,0,,Voie libre
16.75,5.7,0.6,SAFE,0,,Voie libre
16.80,5.7,0.9,SAFE,0,,Voie libre
16.85,5.8,1.5,SAFE,0,,Voie libre
16.90,5.8,2.0,SAFE,0,,Voie libre
16.95,5.8,2.4,SAFE,0,,Voie libre
17.00,5.9,3.0,SAFE,0,,Voie libre
17.05,5.9,3.6,SAFE,0,,Voie libre
17.10,6.0,4.0,SAFE,0,,Voie libre
17.15,6.0,4.5,SAFE,0,,Voie libre
17.20,6.1,5.1,SAFE,0,,Voie libre
17.25,6.2,5.7,SAFE,0,,Voie libre
17.30,6.2,6.2,SAFE,0,,Voie libre
17.35,6.3,6.6,SAFE,0,,Voie libre
17.40,6.4,7.1,SAFE,0,,Voie libre
17.45,6.5,7.6,SAFE,0,,Voie libre
17.50,6.6,8.1,CRITICAL,1,,FREINEZ de 8 km/h  (8 -> 0 km/h)
17.55,6.8,8.5,CRITICAL,1,,FREINEZ de 8 km/h  (8 -> 0 km/h)
17.60,6.9,8.4,CRITICAL,1,,FREINEZ de 8 km/h  (8 -> 0 km/h)
17.65,7.0,8.1,CRITICAL,1,,FREINEZ de 8 km/h  (8 -> 0 km/h)
17.70,7.1,7.5,CRITICAL,1,,FREINEZ de 8 km/h  (8 -> 0 km/h)
17.75,7.2,4.2,CRITICAL,1,,FREINEZ de 4 km/h  (4 -> 1 km/h)
17.80,7.2,0.0,SAFE,1,,Situation maîtrisée
17.85,7.2,0.0,SAFE,1,,Situation maîtrisée
17.90,7.2,0.0,SAFE,1,,Situation maîtrisée
17.95,7.2,0.8,CRITICAL,1,,Vigilance — situation à la limite
18.00,7.2,0.0,SAFE,1,,Situation maîtrisée
18.05,7.2,0.3,SAFE,1,,Situation maîtrisée
18.10,7.2,0.5,CRITICAL,1,,Vigilance — situation à la limite
18.15,7.2,0.0,SAFE,1,,Situation maîtrisée
18.20,7.2,0.3,SAFE,0,,Voie libre
18.25,7.2,0.3,SAFE,0,,Voie libre
18.30,7.2,0.6,SAFE,0,,Voie libre
18.35,7.2,1.2,SAFE,0,,Voie libre
18.40,7.3,1.6,SAFE,0,,Voie libre
18.45,7.3,2.1,SAFE,0,,Voie libre
18.50,7.3,2.8,SAFE,0,,Voie libre
18.55,7.4,3.2,SAFE,0,,Voie libre
18.60,7.4,3.8,SAFE,0,,Voie libre
18.65,7.5,4.2,SAFE,0,,Voie libre
18.70,7.5,5.0,SAFE,0,,Voie libre
18.75,7.6,5.4,SAFE,0,,Voie libre
18.80,7.7,6.1,SAFE,0,,Voie libre
18.85,7.8,6.5,SAFE,0,,Voie libre
18.90,7.9,7.3,SAFE,0,,Voie libre
18.95,8.0,7.6,SAFE,0,,Voie libre
19.00,8.1,8.3,SAFE,0,,Voie libre
19.05,8.2,8.7,SAFE,0,,Voie libre
19.10,8.3,9.4,SAFE,0,,Voie libre
19.15,8.5,9.7,SAFE,0,,Voie libre
19.20,8.6,10.2,SAFE,0,,Voie libre
19.25,8.8,10.6,SAFE,0,,Voie libre
19.30,8.9,11.1,SAFE,0,,Voie libre
19.35,9.1,11.6,SAFE,0,,Voie libre
19.40,9.2,12.1,SAFE,0,,Voie libre
19.45,9.4,12.5,SAFE,0,,Voie libre
19.50,9.6,13.0,SAFE,0,,Voie libre
19.55,9.8,13.4,SAFE,0,,Voie libre
19.60,9.9,13.8,SAFE,0,,Voie libre
19.65,10.1,14.2,SAFE,0,,Voie libre
19.70,10.3,14.5,SAFE,0,,Voie libre
19.75,10.5,14.9,SAFE,0,,Voie libre
19.80,10.8,15.2,SAFE,0,,Voie libre
19.85,11.0,15.5,SAFE,0,,Voie libre
19.90,11.2,15.7,SAFE,0,,Voie libre
19.95,11.4,16.0,SAFE,0,,Voie libre
20.00,11.6,16.2,SAFE,0,,Voie libre
20.05,11.9,16.5,SAFE,0,,Voie libre
20.10,12.1,16.7,SAFE,0,,Voie libre
20.15,12.3,16.9,SAFE,0,,Voie libre
20.20,12.6,17.0,SAFE,0,,Voie libre
20.25,12.8,17.2,SAFE,0,,Voie libre
20.30,13.0,17.4,SAFE,0,,Voie libre
20.35,13.3,17.5,SAFE,0,,Voie libre
20.40,13.5,17.7,SAFE,0,,Voie libre
20.45,13.8,17.8,SAFE,0,,Voie libre
20.50,14.0,18.0,SAFE,0,,Voie libre
20.55,14.3,18.1,SAFE,0,,Voie libre
20.60,14.5,18.2,SAFE,0,,Voie libre
20.65,14.8,18.2,SAFE,0,,Voie libre
20.70,15.0,17.9,SAFE,0,,Voie libre
20.75,15.3,18.0,SAFE,0,,Voie libre
20.80,15.5,18.2,SAFE,0,,Voie libre
20.85,15.8,18.3,SAFE,0,,Voie libre
20.90,16.0,18.0,SAFE,0,,Voie libre
20.95,16.3,18.1,SAFE,0,,Voie libre
21.00,16.5,18.1,SAFE,0,,Voie libre
21.05,16.8,18.1,SAFE,0,,Voie libre
21.10,17.0,18.2,SAFE,0,,Voie libre
21.15,17.3,18.2,SAFE,0,,Voie libre
21.20,17.5,18.0,SAFE,0,,Voie libre
21.25,17.8,18.2,SAFE,0,,Voie libre
21.30,18.0,18.0,SAFE,0,,Voie libre
21.35,18.3,18.3,SAFE,0,,Voie libre
21.40,18.6,18.4,SAFE,0,,Voie libre
21.45,18.8,18.0,SAFE,0,,Voie libre
21.50,19.1,18.5,SAFE,0,,Voie libre
21.55,19.3,18.5,SAFE,0,,Voie libre
21.60,19.6,18.1,SAFE,0,,Voie libre
21.65,19.8,18.4,SAFE,0,,Voie libre
21.70,20.1,18.0,SAFE,0,,Voie libre
21.75,20.3,18.3,SAFE,0,,Voie libre
21.80,20.6,18.3,SAFE,0,,Voie libre
21.85,20.8,18.0,SAFE,0,,Voie libre
21.90,21.1,18.3,SAFE,0,,Voie libre
21.95,21.3,18.3,SAFE,0,,Voie libre
22.00,21.6,18.1,SAFE,0,,Voie libre
22.05,21.9,18.2,SAFE,0,,Voie libre
22.10,22.1,18.3,SAFE,0,,Voie libre
22.15,22.4,18.2,SAFE,0,,Voie libre
22.20,22.6,18.0,SAFE,0,,Voie libre
22.25,22.9,18.4,SAFE,0,,Voie libre
22.30,23.1,18.5,SAFE,0,,Voie libre
22.35,23.4,18.0,SAFE,0,,Voie libre
22.40,23.6,18.2,SAFE,0,,Voie libre
22.45,23.9,18.6,SAFE,0,,Voie libre
22.50,24.1,18.1,SAFE,0,,Voie libre
22.55,24.4,18.6,SAFE,0,,Voie libre
22.60,24.7,18.2,SAFE,0,,Voie libre
22.65,24.9,18.5,SAFE,0,,Voie libre
22.70,25.2,18.2,SAFE,0,,Voie libre
22.75,25.4,18.5,SAFE,0,,Voie libre
22.80,25.7,18.0,SAFE,0,,Voie libre
22.85,25.9,18.5,SAFE,0,,Voie libre
22.90,26.2,18.3,SAFE,0,,Voie libre
22.95,26.4,18.1,SAFE,0,,Voie libre
23.00,26.7,18.0,SAFE,0,,Voie libre
23.05,26.9,18.5,SAFE,0,,Voie libre
23.10,27.2,18.1,SAFE,0,,Voie libre
23.15,27.4,18.5,SAFE,0,,Voie libre
23.20,27.7,18.2,SAFE,0,,Voie libre
23.25,27.9,18.5,SAFE,0,,Voie libre
23.30,28.2,18.1,SAFE,0,,Voie libre
23.35,28.5,18.5,SAFE,0,,Voie libre
23.40,28.7,18.2,SAFE,0,,Voie libre
23.45,29.0,18.5,SAFE,0,,Voie libre
23.50,29.2,18.1,SAFE,0,,Voie libre
23.55,29.5,18.5,SAFE,0,,Voie libre
23.60,29.7,18.2,SAFE,0,,Voie libre
23.65,30.0,18.5,SAFE,0,,Voie libre
23.70,30.2,18.1,SAFE,0,,Voie libre
23.75,30.5,18.5,SAFE,0,,Voie libre
23.80,30.7,18.2,SAFE,0,,Voie libre
23.85,31.0,18.6,SAFE,0,,Voie libre
23.90,31.3,18.2,SAFE,0,,Voie libre
23.95,31.5,18.5,SAFE,0,,Voie libre
24.00,31.8,18.2,SAFE,0,,Voie libre
24.05,32.0,18.6,SAFE,0,,Voie libre
24.10,32.3,18.2,SAFE,0,,Voie libre
24.15,32.5,18.5,SAFE,0,,Voie libre
24.20,32.8,18.3,SAFE,0,,Voie libre
24.25,33.0,18.6,SAFE,0,,Voie libre
24.30,33.3,18.2,SAFE,0,,Voie libre
24.35,33.6,18.6,SAFE,0,,Voie libre
24.40,33.8,18.3,SAFE,0,,Voie libre
24.45,34.1,18.6,SAFE,0,,Voie libre
24.50,34.3,18.2,SAFE,0,,Voie libre
24.55,34.6,18.6,SAFE,0,,Voie libre
24.60,34.8,18.3,SAFE,0,,Voie libre
24.65,35.1,18.6,SAFE,0,,Voie libre
24.70,35.3,18.2,SAFE,0,,Voie libre
24.75,35.6,18.6,SAFE,0,,Voie libre
24.80,35.9,18.3,SAFE,0,,Voie libre
24.85,36.1,18.6,SAFE,0,,Voie libre
24.90,36.4,18.2,SAFE,0,,Voie libre
24.95,36.6,18.6,SAFE,0,,Voie libre
25.00,36.9,18.3,SAFE,0,,Voie libre
25.05,37.1,18.6,SAFE,0,,Voie libre
25.10,37.4,18.2,SAFE,0,,Voie libre
25.15,37.6,18.6,SAFE,0,,Voie libre
25.20,37.9,18.3,SAFE,0,,Voie libre
25.25,38.2,18.6,SAFE,0,,Voie libre
25.30,38.4,18.2,SAFE,0,,Voie libre
25.35,38.7,18.6,SAFE,0,,Voie libre
25.40,38.9,18.3,SAFE,0,,Voie libre
25.45,39.2,18.6,SAFE,0,,Voie libre
25.50,39.4,18.2,SAFE,0,,Voie libre
25.55,39.7,18.6,SAFE,0,,Voie libre
25.60,39.9,18.3,SAFE,0,,Voie libre
25.65,40.2,18.6,SAFE,0,,Voie libre
25.70,40.5,18.2,SAFE,0,,Voie libre
25.75,40.7,18.6,SAFE,0,,Voie libre
25.80,41.0,18.3,SAFE,0,,Voie libre
25.85,41.2,18.6,SAFE,0,,Voie libre
25.90,41.5,18.2,SAFE,0,,Voie libre
25.95,41.7,18.6,SAFE,0,,Voie libre
26.00,42.0,18.3,SAFE,0,,Voie libre
26.05,42.3,18.6,SAFE,0,,Voie libre
26.10,42.5,18.2,SAFE,0,,Voie libre
26.15,42.8,18.6,SAFE,0,,Voie libre
26.20,43.0,18.3,SAFE,0,,Voie libre
26.25,43.3,18.6,SAFE,0,,Voie libre
26.30,43.5,18.2,SAFE,0,,Voie libre
26.35,43.8,18.6,SAFE,0,,Voie libre
26.40,44.0,18.3,SAFE,0,,Voie libre
26.45,44.3,18.6,SAFE,0,,Voie libre
26.50,44.6,18.2,SAFE,0,,Voie libre
26.55,44.8,18.6,SAFE,0,,Voie libre
26.60,45.1,18.3,SAFE,0,,Voie libre
26.65,45.3,18.6,SAFE,0,,Voie libre
26.70,45.6,18.2,SAFE,0,,Voie libre
26.75,45.8,18.6,SAFE,0,,Voie libre
26.80,46.1,18.3,SAFE,0,,Voie libre
26.85,46.3,18.6,SAFE,0,,Voie libre
26.90,46.6,18.2,SAFE,0,,Voie libre
26.95,46.9,18.6,SAFE,0,,Voie libre
27.00,47.1,18.3,SAFE,0,,Voie libre
27.05,47.4,18.6,SAFE,0,,Voie libre
27.10,47.6,18.2,SAFE,0,,Voie libre
27.15,47.9,18.6,SAFE,0,,Voie libre
27.20,48.1,18.3,SAFE,0,,Voie libre
27.25,48.4,18.6,SAFE,0,,Voie libre
27.30,48.7,18.2,SAFE,0,,Voie libre
27.35,48.9,18.6,SAFE,0,,Voie libre
27.40,49.2,18.3,SAFE,0,,Voie libre
27.45,49.4,18.6,SAFE,0,,Voie libre
27.50,49.7,18.2,SAFE,0,,Voie libre
27.55,49.9,18.6,SAFE,0,,Voie libre
27.60,50.2,18.3,SAFE,0,,Voie libre
27.65,50.4,18.6,SAFE,0,,Voie libre
27.70,50.7,18.2,SAFE,0,,Voie libre
27.75,51.0,18.6,SAFE,0,,Voie libre
27.80,51.2,18.3,SAFE,0,,Voie libre
27.85,51.5,18.6,SAFE,0,,Voie libre
27.90,51.7,18.2,SAFE,0,,Voie libre
27.95,52.0,18.6,SAFE,0,,Voie libre
28.00,52.2,18.3,SAFE,0,,Voie libre
28.05,52.5,18.6,SAFE,0,,Voie libre
28.10,52.7,18.2,SAFE,0,,Voie libre
28.15,53.0,18.6,SAFE,0,,Voie libre
28.20,53.3,18.3,SAFE,0,,Voie libre
28.25,53.5,18.6,SAFE,0,,Voie libre
28.30,53.8,18.2,SAFE,0,,Voie libre
28.35,54.0,18.6,SAFE,0,,Voie libre
28.40,54.3,18.3,SAFE,0,,Voie libre
28.45,54.5,18.6,SAFE,0,,Voie libre
28.50,54.8,18.2,SAFE,0,,Voie libre
28.55,55.1,18.6,SAFE,0,,Voie libre
28.60,55.3,18.3,SAFE,0,,Voie libre
28.65,55.6,18.6,SAFE,0,,Voie libre
28.70,55.8,18.2,SAFE,0,,Voie libre
28.75,56.1,18.6,SAFE,0,,Voie libre
28.80,56.3,18.3,SAFE,0,,Voie libre
28.85,56.6,18.6,SAFE,0,,Voie libre
28.90,56.8,18.2,SAFE,0,,Voie libre
28.95,57.1,18.6,SAFE,0,,Voie libre
29.00,57.4,18.3,SAFE,0,,Voie libre
29.05,57.6,18.6,SAFE,0,,Voie libre
29.10,57.9,18.2,SAFE,0,,Voie libre
29.15,58.1,18.6,SAFE,0,,Voie libre
29.20,58.4,18.3,SAFE,0,,Voie libre
29.25,58.6,18.6,SAFE,0,,Voie libre
29.30,58.9,18.2,SAFE,0,,Voie libre
29.35,59.2,18.6,SAFE,0,,Voie libre
29.40,59.4,18.3,SAFE,0,,Voie libre
29.45,59.7,18.6,SAFE,0,,Voie libre
29.50,59.9,18.2,SAFE,0,,Voie libre
29.55,60.2,18.6,SAFE,0,,Voie libre
29.60,60.4,18.3,SAFE,0,,Voie libre
29.65,60.7,18.6,SAFE,0,,Voie libre
29.70,60.9,18.2,SAFE,0,,Voie libre
29.75,61.2,18.6,SAFE,0,,Voie libre
29.80,61.5,18.3,SAFE,0,,Voie libre
29.85,61.7,18.6,SAFE,0,,Voie libre
29.90,62.0,18.2,SAFE,0,,Voie libre
29.95,62.2,18.6,SAFE,0,,Voie libre
30.00,62.5,18.3,SAFE,0,,Voie libre
30.05,62.7,18.6,SAFE,0,,Voie libre
30.10,63.0,18.2,SAFE,0,,Voie libre
30.15,63.2,18.6,SAFE,0,,Voie libre
30.20,63.5,18.3,SAFE,0,,Voie libre
30.25,63.8,18.6,SAFE,0,,Voie libre
30.30,64.0,18.2,SAFE,0,,Voie libre
30.35,64.3,18.6,SAFE,0,,Voie libre
30.40,64.5,18.3,SAFE,0,,Voie libre
30.45,64.8,18.6,SAFE,0,,Voie libre
30.50,65.0,18.2,SAFE,0,,Voie libre
30.55,65.3,18.6,SAFE,0,,Voie libre
30.60,65.6,18.3,SAFE,0,,Voie libre
30.65,65.8,18.6,SAFE,0,,Voie libre
30.70,66.1,18.2,SAFE,0,,Voie libre
30.75,66.3,18.6,SAFE,0,,Voie libre
30.80,66.6,18.3,SAFE,0,,Voie libre
30.85,66.8,18.6,SAFE,0,,Voie libre
30.90,67.1,18.2,SAFE,0,,Voie libre
30.95,67.3,18.6,SAFE,0,,Voie libre
31.00,67.6,18.3,SAFE,0,,Voie libre
31.05,67.9,18.6,SAFE,0,,Voie libre
31.10,68.1,18.2,SAFE,0,,Voie libre
31.15,68.4,18.6,SAFE,0,,Voie libre
31.20,68.6,18.3,SAFE,0,,Voie libre
31.25,68.9,18.6,SAFE,0,,Voie libre
31.30,69.1,18.2,SAFE,0,,Voie libre
31.35,69.4,18.6,SAFE,0,,Voie libre
31.40,69.6,18.3,SAFE,0,,Voie libre
31.45,69.9,18.6,SAFE,0,,Voie libre
31.50,70.2,18.2,SAFE,0,,SAFE : Arrêt au feu rouge
31.55,70.4,18.5,SAFE,0,,SAFE : Arrêt au feu rouge
31.60,70.7,18.0,SAFE,0,,SAFE : Arrêt au feu rouge
31.65,70.9,16.9,SAFE,0,,SAFE : Arrêt au feu rouge
31.70,71.1,15.1,SAFE,0,,SAFE : Arrêt au feu rouge
31.75,71.3,13.3,SAFE,0,,SAFE : Arrêt au feu rouge
31.80,71.5,11.4,SAFE,0,,SAFE : Arrêt au feu rouge
31.85,71.6,9.5,SAFE,0,,SAFE : Arrêt au feu rouge
31.90,71.8,7.7,SAFE,0,,SAFE : Arrêt au feu rouge
31.95,71.8,3.8,SAFE,0,,SAFE : Arrêt au feu rouge
32.00,71.8,0.0,SAFE,0,,SAFE : Arrêt au feu rouge
32.05,71.8,0.0,SAFE,0,,SAFE : Arrêt au feu rouge
32.10,71.8,0.0,SAFE,0,,SAFE : Arrêt au feu rouge
32.15,71.8,0.0,SAFE,0,,SAFE : Arrêt au feu rouge
32.20,71.8,0.0,SAFE,0,,SAFE : Arrêt au feu rouge
32.25,71.8,0.0,SAFE,0,,SAFE : Arrêt au feu rouge
32.30,71.8,0.0,SAFE,0,,SAFE : Arrêt au feu rouge
32.35,71.8,0.0,SAFE,0,,SAFE : Arrêt au feu rouge
32.40,71.8,0.0,SAFE,0,,SAFE : Arrêt au feu rouge
32.45,71.8,0.0,SAFE,0,,SAFE : Arrêt au feu rouge
32.50,71.8,0.0,SAFE,0,,SAFE : Arrêt au feu rouge
32.55,71.9,0.0,SAFE,0,,SAFE : Arrêt au feu rouge
32.60,71.9,0.0,SAFE,0,,SAFE : Arrêt au feu rouge
32.65,71.9,0.0,SAFE,0,,SAFE : Arrêt au feu rouge
32.70,71.9,0.0,SAFE,0,,SAFE : Arrêt au feu rouge
32.75,71.9,0.0,SAFE,0,,SAFE : Arrêt au feu rouge
32.80,71.9,0.0,SAFE,0,,SAFE : Arrêt au feu rouge
32.85,71.9,0.0,SAFE,0,,SAFE : Arrêt au feu rouge
32.90,71.9,0.0,SAFE,0,,SAFE : Arrêt au feu rouge
32.95,71.9,0.0,SAFE,0,,SAFE : Arrêt au feu rouge
33.00,71.9,0.0,SAFE,0,,SAFE : Arrêt au feu rouge
33.05,71.9,0.0,SAFE,0,,SAFE : Arrêt au feu rouge
33.10,71.9,0.0,SAFE,0,,SAFE : Arrêt au feu rouge
33.15,71.9,0.0,SAFE,0,,SAFE : Arrêt au feu rouge
33.20,71.9,0.0,SAFE,0,,SAFE : Arrêt au feu rouge
33.25,71.9,0.0,SAFE,0,,SAFE : Arrêt au feu rouge
33.30,71.9,0.0,SAFE,0,,SAFE : Arrêt au feu rouge
33.35,71.9,0.0,SAFE,0,,SAFE : Arrêt au feu rouge
33.40,71.9,0.0,SAFE,0,,SAFE : Arrêt au feu rouge
33.45,71.9,0.0,SAFE,0,,SAFE : Arrêt au feu rouge
33.50,71.9,0.0,SAFE,0,,SAFE : Arrêt au feu rouge
33.55,71.9,0.0,SAFE,0,,SAFE : Arrêt au feu rouge
33.60,71.9,0.0,SAFE,0,,SAFE : Arrêt au feu rouge
33.65,71.9,0.0,SAFE,0,,SAFE : Arrêt au feu rouge
33.70,71.9,0.0,SAFE,0,,SAFE : Arrêt au feu rouge
33.75,71.9,0.0,SAFE,0,,SAFE : Arrêt au feu rouge
33.80,71.9,0.0,SAFE,0,,SAFE : Arrêt au feu rouge
33.85,71.9,0.0,SAFE,0,,SAFE : Arrêt au feu rouge
33.90,71.9,0.0,SAFE,0,,SAFE : Arrêt au feu rouge
33.95,71.9,0.0,SAFE,0,,SAFE : Arrêt au feu rouge
34.00,71.9,0.0,SAFE,0,,SAFE : Arrêt au feu rouge
34.05,71.9,0.0,SAFE,0,,SAFE : Arrêt au feu rouge
34.10,71.9,0.0,SAFE,0,,SAFE : Arrêt au feu rouge
34.15,71.9,0.0,SAFE,0,,SAFE : Arrêt au feu rouge
34.20,71.9,0.0,SAFE,0,,SAFE : Arrêt au feu rouge
34.25,71.9,0.0,SAFE,0,,SAFE : Arrêt au feu rouge
34.30,71.9,0.0,SAFE,0,,SAFE : Arrêt au feu rouge
34.35,71.9,0.0,SAFE,0,,SAFE : Arrêt au feu rouge
34.40,71.9,0.0,SAFE,0,,SAFE : Arrêt au feu rouge
34.45,71.9,0.0,SAFE,0,,SAFE : Arrêt au feu rouge
34.50,71.9,0.0,SAFE,0,,SAFE : Arrêt au feu rouge
34.55,71.9,0.0,SAFE,0,,SAFE : Arrêt au feu rouge
34.60,71.9,0.0,SAFE,0,,SAFE : Arrêt au feu rouge
34.65,71.9,0.0,SAFE,0,,SAFE : Arrêt au feu rouge
34.70,71.9,0.0,SAFE,0,,SAFE : Arrêt au feu rouge
34.75,71.9,0.0,SAFE,0,,SAFE : Arrêt au feu rouge
34.80,71.9,0.0,SAFE,0,,SAFE : Arrêt au feu rouge
34.85,71.9,0.0,SAFE,0,,SAFE : Arrêt au feu rouge
34.90,71.9,0.0,SAFE,0,,SAFE : Arrêt au feu rouge
34.95,71.9,0.0,SAFE,0,,SAFE : Arrêt au feu rouge
35.00,71.9,0.0,SAFE,0,,SAFE : Arrêt au feu rouge
35.05,71.9,0.0,SAFE,0,,SAFE : Arrêt au feu rouge
35.10,71.9,0.0,SAFE,0,,SAFE : Arrêt au feu rouge
35.15,71.9,0.0,SAFE,0,,SAFE : Arrêt au feu rouge
35.20,71.9,0.0,SAFE,0,,SAFE : Arrêt au feu rouge
35.25,71.9,0.0,SAFE,0,,SAFE : Arrêt au feu rouge
35.30,71.9,0.0,SAFE,0,,SAFE : Arrêt au feu rouge
35.35,71.9,0.0,SAFE,0,,SAFE : Arrêt au feu rouge
35.40,71.9,0.0,SAFE,0,,SAFE : Arrêt au feu rouge
35.45,71.9,0.0,SAFE,0,,SAFE : Arrêt au feu rouge
35.50,71.9,0.0,SAFE,0,,SAFE : Arrêt au feu rouge
35.55,71.9,0.0,SAFE,0,,SAFE : Arrêt au feu rouge
35.60,71.9,0.0,SAFE,0,,SAFE : Arrêt au feu rouge
35.65,71.9,0.0,SAFE,0,,SAFE : Arrêt au feu rouge
35.70,71.9,0.0,SAFE,0,,SAFE : Arrêt au feu rouge
35.75,71.9,0.0,SAFE,0,,SAFE : Arrêt au feu rouge
35.80,71.9,0.0,SAFE,0,,SAFE : Arrêt au feu rouge
35.85,71.9,0.0,SAFE,0,,SAFE : Arrêt au feu rouge
35.90,71.9,0.0,SAFE,0,,SAFE : Arrêt au feu rouge
35.95,71.9,0.0,SAFE,0,,SAFE : Arrêt au feu rouge
36.00,71.9,0.0,SAFE,0,,SAFE : Arrêt au feu rouge
36.05,71.9,0.0,SAFE,0,,SAFE : Arrêt au feu rouge
36.10,71.9,0.0,SAFE,0,,SAFE : Arrêt au feu rouge
36.15,71.9,0.0,SAFE,0,,SAFE : Arrêt au feu rouge
36.20,71.9,0.0,SAFE,0,,SAFE : Arrêt au feu rouge
36.25,71.9,0.0,SAFE,0,,SAFE : Arrêt au feu rouge
36.30,71.9,0.0,SAFE,0,,SAFE : Arrêt au feu rouge
36.35,71.9,0.0,SAFE,0,,SAFE : Arrêt au feu rouge
36.40,71.9,0.0,SAFE,0,,SAFE : Arrêt au feu rouge
36.45,71.9,0.0,SAFE,0,,SAFE : Arrêt au feu rouge
36.50,71.9,0.0,SAFE,0,,SAFE : Arrêt au feu rouge
36.55,71.9,0.0,SAFE,0,,SAFE : Arrêt au feu rouge
36.60,71.9,0.0,SAFE,0,,SAFE : Arrêt au feu rouge
36.65,71.9,0.0,SAFE,0,,SAFE : Arrêt au feu rouge
36.70,71.9,0.0,SAFE,0,,SAFE : Arrêt au feu rouge
36.75,71.9,0.0,SAFE,0,,SAFE : Arrêt au feu rouge
36.80,71.9,0.0,SAFE,0,,SAFE : Arrêt au feu rouge
36.85,71.9,0.0,SAFE,0,,SAFE : Arrêt au feu rouge
36.90,71.9,0.0,SAFE,0,,SAFE : Arrêt au feu rouge
36.95,71.9,0.0,SAFE,0,,SAFE : Arrêt au feu rouge
37.00,71.9,0.0,SAFE,0,,SAFE : Arrêt au feu rouge
37.05,71.9,0.0,SAFE,0,,SAFE : Arrêt au feu rouge
37.10,71.9,0.0,SAFE,0,,SAFE : Arrêt au feu rouge
37.15,71.9,0.0,SAFE,0,,SAFE : Arrêt au feu rouge
37.20,71.9,0.0,SAFE,0,,SAFE : Arrêt au feu rouge
37.25,71.9,0.0,SAFE,0,,SAFE : Arrêt au feu rouge
37.30,71.9,0.0,SAFE,0,,SAFE : Arrêt au feu rouge
37.35,71.9,0.0,SAFE,0,,SAFE : Arrêt au feu rouge
37.40,71.9,0.0,SAFE,0,,SAFE : Arrêt au feu rouge
37.45,71.9,0.0,SAFE,0,,SAFE : Arrêt au feu rouge
37.50,71.9,0.0,SAFE,0,,SAFE : Arrêt au feu rouge
37.55,71.9,0.0,SAFE,0,,SAFE : Arrêt au feu rouge
37.60,71.9,0.0,SAFE,0,,SAFE : Arrêt au feu rouge
37.65,71.9,0.0,SAFE,0,,SAFE : Arrêt au feu rouge
37.70,71.9,0.0,SAFE,0,,SAFE : Arrêt au feu rouge
37.75,71.9,0.0,SAFE,0,,SAFE : Arrêt au feu rouge
37.80,71.9,0.0,SAFE,0,,SAFE : Arrêt au feu rouge
37.85,71.9,0.0,SAFE,0,,SAFE : Arrêt au feu rouge
37.90,71.9,0.0,SAFE,0,,SAFE : Arrêt au feu rouge
37.95,71.9,0.0,SAFE,0,,SAFE : Arrêt au feu rouge
38.00,71.9,0.0,SAFE,0,,SAFE : Arrêt au feu rouge
38.05,71.9,0.0,SAFE,0,,SAFE : Arrêt au feu rouge
38.10,71.9,0.0,SAFE,0,,SAFE : Arrêt au feu rouge
38.15,71.9,0.0,SAFE,0,,SAFE : Arrêt au feu rouge
38.20,71.9,0.0,SAFE,0,,SAFE : Arrêt au feu rouge
38.25,71.9,0.0,SAFE,0,,SAFE : Arrêt au feu rouge
38.30,71.9,0.0,SAFE,0,,SAFE : Arrêt au feu rouge
38.35,71.9,0.0,SAFE,0,,SAFE : Arrêt au feu rouge
38.40,71.9,0.0,SAFE,0,,SAFE : Arrêt au feu rouge
38.45,71.9,0.0,SAFE,0,,SAFE : Arrêt au feu rouge
38.50,71.9,0.0,SAFE,0,,SAFE : Arrêt au feu rouge
38.55,71.9,0.0,SAFE,0,,SAFE : Arrêt au feu rouge
38.60,71.9,0.0,SAFE,0,,SAFE : Arrêt au feu rouge
38.65,71.9,0.0,SAFE,0,,SAFE : Arrêt au feu rouge
38.70,71.9,0.0,SAFE,0,,SAFE : Arrêt au feu rouge
38.75,71.9,0.0,SAFE,0,,SAFE : Arrêt au feu rouge
38.80,71.9,0.0,SAFE,0,,SAFE : Arrêt au feu rouge
38.85,71.9,0.0,SAFE,0,,SAFE : Arrêt au feu rouge
38.90,71.9,0.0,SAFE,0,,SAFE : Arrêt au feu rouge
38.95,71.9,0.0,SAFE,0,,SAFE : Arrêt au feu rouge
39.00,71.9,0.0,SAFE,0,,SAFE : Arrêt au feu rouge
39.05,71.9,0.0,SAFE,0,,SAFE : Arrêt au feu rouge
39.10,71.9,0.0,SAFE,0,,SAFE : Arrêt au feu rouge
39.15,71.9,0.0,SAFE,0,,SAFE : Arrêt au feu rouge
39.20,71.9,0.0,SAFE,0,,SAFE : Arrêt au feu rouge
39.25,71.9,0.0,SAFE,0,,SAFE : Arrêt au feu rouge
39.30,71.9,0.0,SAFE,0,,SAFE : Arrêt au feu rouge
39.35,71.9,0.0,SAFE,0,,SAFE : Arrêt au feu rouge
39.40,71.9,0.0,SAFE,0,,SAFE : Arrêt au feu rouge
39.45,71.9,0.0,SAFE,0,,SAFE : Arrêt au feu rouge
39.50,71.9,0.0,SAFE,0,,SAFE : Arrêt au feu rouge
39.55,71.9,0.0,SAFE,0,,SAFE : Arrêt au feu rouge
39.60,71.9,0.0,SAFE,0,,SAFE : Arrêt au feu rouge
39.65,71.9,0.0,SAFE,0,,SAFE : Arrêt au feu rouge
39.70,71.9,0.0,SAFE,0,,SAFE : Arrêt au feu rouge
39.75,71.9,0.0,SAFE,0,,SAFE : Arrêt au feu rouge
39.80,71.9,0.0,SAFE,0,,SAFE : Arrêt au feu rouge
39.85,71.9,0.0,SAFE,0,,SAFE : Arrêt au feu rouge
39.90,71.9,0.0,SAFE,0,,SAFE : Arrêt au feu rouge
39.95,71.9,0.0,SAFE,0,,SAFE : Arrêt au feu rouge
40.00,71.9,0.0,SAFE,0,,SAFE : Arrêt au feu rouge
40.05,71.9,0.0,SAFE,0,,SAFE : Arrêt au feu rouge
40.10,71.9,0.0,SAFE,0,,SAFE : Arrêt au feu rouge
40.15,71.9,0.0,SAFE,0,,SAFE : Arrêt au feu rouge
40.20,71.9,0.0,SAFE,0,,SAFE : Arrêt au feu rouge
40.25,71.9,0.0,SAFE,0,,SAFE : Arrêt au feu rouge
40.30,71.9,0.0,SAFE,0,,SAFE : Arrêt au feu rouge
40.35,71.9,0.0,SAFE,0,,SAFE : Arrêt au feu rouge
40.40,71.9,0.0,SAFE,0,,SAFE : Arrêt au feu rouge
40.45,71.9,0.0,SAFE,0,,SAFE : Arrêt au feu rouge
40.50,71.9,0.0,SAFE,0,,SAFE : Arrêt au feu rouge
40.55,71.9,0.0,SAFE,0,,SAFE : Arrêt au feu rouge
40.60,71.9,0.0,SAFE,0,,SAFE : Arrêt au feu rouge
40.65,71.9,0.0,SAFE,0,,SAFE : Arrêt au feu rouge
40.70,71.9,0.0,SAFE,0,,SAFE : Arrêt au feu rouge
40.75,71.9,0.0,SAFE,0,,SAFE : Arrêt au feu rouge
40.80,71.9,0.0,SAFE,0,,SAFE : Arrêt au feu rouge
40.85,71.9,0.0,SAFE,0,,SAFE : Arrêt au feu rouge
40.90,71.9,0.0,SAFE,0,,SAFE : Arrêt au feu rouge
40.95,71.9,0.0,SAFE,0,,SAFE : Arrêt au feu rouge
41.00,71.9,0.0,SAFE,0,,SAFE : Arrêt au feu rouge
41.05,71.9,0.0,SAFE,0,,SAFE : Arrêt au feu rouge
41.10,71.9,0.0,SAFE,0,,SAFE : Arrêt au feu rouge
41.15,71.9,0.0,SAFE,0,,SAFE : Arrêt au feu rouge
41.20,71.9,0.0,SAFE,0,,SAFE : Arrêt au feu rouge
41.25,71.9,0.0,SAFE,0,,SAFE : Arrêt au feu rouge
41.30,71.9,0.0,SAFE,0,,SAFE : Arrêt au feu rouge
41.35,71.9,0.0,SAFE,0,,SAFE : Arrêt au feu rouge
41.40,71.9,0.0,SAFE,0,,SAFE : Arrêt au feu rouge
41.45,71.9,0.0,SAFE,0,,SAFE : Arrêt au feu rouge
41.50,71.9,0.0,SAFE,0,,SAFE : Arrêt au feu rouge
41.55,71.9,0.0,SAFE,0,,SAFE : Arrêt au feu rouge
41.60,71.9,0.0,SAFE,0,,SAFE : Arrêt au feu rouge
41.65,71.9,0.0,SAFE,0,,SAFE : Arrêt au feu rouge
41.70,71.9,0.0,SAFE,0,,SAFE : Arrêt au feu rouge
41.75,71.9,0.0,SAFE,0,,SAFE : Arrêt au feu rouge
41.80,71.9,0.0,SAFE,0,,SAFE : Arrêt au feu rouge
41.85,71.9,0.0,SAFE,0,,SAFE : Arrêt au feu rouge
41.90,71.9,0.0,SAFE,0,,SAFE : Arrêt au feu rouge
41.95,71.9,0.0,SAFE,0,,SAFE : Arrêt au feu rouge
42.00,71.9,0.0,SAFE,0,,SAFE : Arrêt au feu rouge
42.05,71.9,0.0,SAFE,0,,SAFE : Arrêt au feu rouge
42.10,71.9,0.0,SAFE,0,,SAFE : Arrêt au feu rouge
42.15,71.9,0.0,SAFE,0,,SAFE : Arrêt au feu rouge
42.20,71.9,0.0,SAFE,0,,SAFE : Arrêt au feu rouge
42.25,71.9,0.0,SAFE,0,,SAFE : Arrêt au feu rouge
42.30,71.9,0.0,SAFE,0,,SAFE : Arrêt au feu rouge
42.35,71.9,0.0,SAFE,0,,SAFE : Arrêt au feu rouge
42.40,71.9,0.0,SAFE,0,,SAFE : Arrêt au feu rouge
42.45,71.9,0.0,SAFE,0,,SAFE : Arrêt au feu rouge
42.50,71.9,0.0,SAFE,0,,SAFE : Arrêt au feu rouge
42.55,71.9,0.0,SAFE,0,,SAFE : Arrêt au feu rouge
42.60,71.9,0.0,SAFE,0,,SAFE : Arrêt au feu rouge
42.65,71.9,0.0,SAFE,0,,SAFE : Arrêt au feu rouge
42.70,71.9,0.0,SAFE,0,,SAFE : Arrêt au feu rouge
42.75,71.9,0.0,SAFE,0,,SAFE : Arrêt au feu rouge
42.80,71.9,0.0,SAFE,0,,SAFE : Arrêt au feu rouge
42.85,71.9,0.0,SAFE,0,,SAFE : Arrêt au feu rouge
42.90,71.9,0.0,SAFE,0,,SAFE : Arrêt au feu rouge
42.95,71.9,0.0,SAFE,0,,SAFE : Arrêt au feu rouge
43.00,71.9,0.0,SAFE,0,,SAFE : Arrêt au feu rouge
43.05,71.9,0.0,SAFE,0,,SAFE : Arrêt au feu rouge
43.10,71.9,0.0,SAFE,0,,SAFE : Arrêt au feu rouge
43.15,71.9,0.0,SAFE,0,,SAFE : Arrêt au feu rouge
43.20,71.9,0.0,SAFE,0,,SAFE : Arrêt au feu rouge
43.25,71.9,0.0,SAFE,0,,SAFE : Arrêt au feu rouge
43.30,71.9,0.0,SAFE,0,,SAFE : Arrêt au feu rouge
43.35,71.9,0.0,SAFE,0,,SAFE : Arrêt au feu rouge
43.40,71.9,0.0,SAFE,0,,SAFE : Arrêt au feu rouge
43.45,71.9,0.0,SAFE,0,,SAFE : Arrêt au feu rouge
43.50,71.9,0.0,SAFE,0,,SAFE : Arrêt au feu rouge
43.55,71.9,0.0,SAFE,0,,SAFE : Arrêt au feu rouge
43.60,71.9,0.0,SAFE,0,,SAFE : Arrêt au feu rouge
43.65,71.9,0.0,SAFE,0,,SAFE : Arrêt au feu rouge
43.70,71.9,0.0,SAFE,0,,SAFE : Arrêt au feu rouge
43.75,71.9,0.0,SAFE,0,,SAFE : Arrêt au feu rouge
43.80,71.9,0.0,SAFE,0,,SAFE : Arrêt au feu rouge
43.85,71.9,0.0,SAFE,0,,SAFE : Arrêt au feu rouge
43.90,71.9,0.0,SAFE,0,,SAFE : Arrêt au feu rouge
43.95,71.9,0.0,SAFE,0,,SAFE : Arrêt au feu rouge
44.00,71.9,0.0,SAFE,0,,SAFE : Arrêt au feu rouge
44.05,71.9,0.0,SAFE,0,,SAFE : Arrêt au feu rouge
44.10,71.9,0.0,SAFE,0,,SAFE : Arrêt au feu rouge
44.15,71.9,0.0,SAFE,0,,SAFE : Arrêt au feu rouge
44.20,71.9,0.0,SAFE,0,,SAFE : Arrêt au feu rouge
44.25,71.9,0.0,SAFE,0,,SAFE : Arrêt au feu rouge
44.30,71.9,0.0,SAFE,0,,SAFE : Arrêt au feu rouge
44.35,71.9,0.0,SAFE,0,,SAFE : Arrêt au feu rouge
44.40,71.9,0.0,SAFE,0,,SAFE : Arrêt au feu rouge
44.45,71.9,0.0,SAFE,0,,SAFE : Arrêt au feu rouge
44.50,71.9,0.0,SAFE,0,,SAFE : Arrêt au feu rouge
44.55,71.9,0.0,SAFE,0,,SAFE : Arrêt au feu rouge
44.60,71.9,0.0,SAFE,0,,SAFE : Arrêt au feu rouge
44.65,71.9,0.0,SAFE,0,,SAFE : Arrêt au feu rouge
44.70,71.9,0.0,SAFE,0,,SAFE : Arrêt au feu rouge
44.75,71.9,0.0,SAFE,0,,SAFE : Arrêt au feu rouge
44.80,71.9,0.0,SAFE,0,,SAFE : Arrêt au feu rouge
44.85,71.9,0.0,SAFE,0,,SAFE : Arrêt au feu rouge
44.90,71.9,0.0,SAFE,0,,SAFE : Arrêt au feu rouge
44.95,71.9,0.0,SAFE,0,,SAFE : Arrêt au feu rouge
45.00,71.9,0.0,SAFE,0,,SAFE : Arrêt au feu rouge
45.05,71.9,0.0,SAFE,0,,SAFE : Arrêt au feu rouge
45.10,71.9,0.0,SAFE,0,,SAFE : Arrêt au feu rouge
45.15,71.9,0.0,SAFE,0,,SAFE : Arrêt au feu rouge
45.20,71.9,0.0,SAFE,0,,SAFE : Arrêt au feu rouge
45.25,71.9,0.0,SAFE,0,,SAFE : Arrêt au feu rouge
45.30,71.9,0.0,SAFE,0,,SAFE : Arrêt au feu rouge
45.35,71.9,0.0,SAFE,0,,SAFE : Arrêt au feu rouge
45.40,71.9,0.0,SAFE,0,,SAFE : Arrêt au feu rouge
45.45,71.9,0.0,SAFE,0,,SAFE : Arrêt au feu rouge
45.50,71.9,0.0,SAFE,0,,SAFE : Arrêt au feu rouge
45.55,71.9,0.0,SAFE,0,,SAFE : Arrêt au feu rouge
45.60,71.9,0.0,SAFE,0,,SAFE : Arrêt au feu rouge
45.65,71.9,0.0,SAFE,0,,SAFE : Arrêt au feu rouge
45.70,71.9,0.0,SAFE,0,,SAFE : Arrêt au feu rouge
45.75,71.9,0.0,SAFE,0,,SAFE : Arrêt au feu rouge
45.80,71.9,0.0,SAFE,0,,SAFE : Arrêt au feu rouge
45.85,71.9,0.0,SAFE,0,,SAFE : Arrêt au feu rouge
45.90,71.9,0.0,SAFE,0,,SAFE : Arrêt au feu rouge
45.95,71.9,0.0,SAFE,0,,SAFE : Arrêt au feu rouge
46.00,71.9,0.0,SAFE,0,,SAFE : Arrêt au feu rouge
46.05,71.9,0.0,SAFE,0,,SAFE : Arrêt au feu rouge
46.10,71.9,0.0,SAFE,0,,SAFE : Arrêt au feu rouge
46.15,71.9,0.0,SAFE,0,,SAFE : Arrêt au feu rouge
46.20,71.9,0.0,SAFE,0,,SAFE : Arrêt au feu rouge
46.25,71.9,0.0,SAFE,0,,SAFE : Arrêt au feu rouge
46.30,71.9,0.0,SAFE,0,,SAFE : Arrêt au feu rouge
46.35,71.9,0.0,SAFE,0,,SAFE : Arrêt au feu rouge
46.40,71.9,0.0,SAFE,0,,SAFE : Arrêt au feu rouge
46.45,71.9,0.0,SAFE,0,,SAFE : Arrêt au feu rouge
46.50,71.9,0.0,SAFE,0,,SAFE : Arrêt au feu rouge
46.55,71.9,0.0,SAFE,0,,SAFE : Arrêt au feu rouge
46.60,71.9,0.0,SAFE,0,,SAFE : Arrêt au feu rouge
46.65,71.9,0.0,SAFE,0,,SAFE : Arrêt au feu rouge
46.70,71.9,0.0,SAFE,0,,SAFE : Arrêt au feu rouge
46.75,71.9,0.0,SAFE,0,,SAFE : Arrêt au feu rouge
46.80,71.9,0.0,SAFE,0,,SAFE : Arrêt au feu rouge
46.85,71.9,0.0,SAFE,0,,SAFE : Arrêt au feu rouge
46.90,71.9,0.0,SAFE,0,,SAFE : Arrêt au feu rouge
46.95,71.9,0.0,SAFE,0,,SAFE : Arrêt au feu rouge
47.00,71.9,0.0,SAFE,0,,SAFE : Arrêt au feu rouge
47.05,71.9,0.0,SAFE,0,,SAFE : Arrêt au feu rouge
47.10,71.9,0.0,SAFE,0,,SAFE : Arrêt au feu rouge
47.15,71.9,0.0,SAFE,0,,SAFE : Arrêt au feu rouge
47.20,71.9,0.0,SAFE,0,,SAFE : Arrêt au feu rouge
47.25,71.9,0.0,SAFE,0,,SAFE : Arrêt au feu rouge
47.30,71.9,0.0,SAFE,0,,SAFE : Arrêt au feu rouge
47.35,71.9,0.0,SAFE,0,,SAFE : Arrêt au feu rouge
47.40,71.9,0.0,SAFE,0,,SAFE : Arrêt au feu rouge
47.45,71.9,0.0,SAFE,0,,SAFE : Arrêt au feu rouge
47.50,71.9,0.0,SAFE,0,,SAFE : Arrêt au feu rouge
47.55,71.9,0.0,SAFE,0,,SAFE : Arrêt au feu rouge
47.60,71.9,0.0,SAFE,0,,SAFE : Arrêt au feu rouge
47.65,71.9,0.0,SAFE,0,,SAFE : Arrêt au feu rouge
47.70,71.9,0.0,SAFE,0,,SAFE : Arrêt au feu rouge
47.75,71.9,0.0,SAFE,0,,SAFE : Arrêt au feu rouge
47.80,71.9,0.0,SAFE,0,,SAFE : Arrêt au feu rouge
47.85,71.9,0.0,SAFE,0,,SAFE : Arrêt au feu rouge
47.90,71.9,0.0,SAFE,0,,SAFE : Arrêt au feu rouge
47.95,71.9,0.0,SAFE,0,,SAFE : Arrêt au feu rouge
48.00,71.9,0.0,SAFE,0,,SAFE : Arrêt au feu rouge
48.05,71.9,0.0,SAFE,0,,SAFE : Arrêt au feu rouge
48.10,71.9,0.0,SAFE,0,,SAFE : Arrêt au feu rouge
48.15,71.9,0.0,SAFE,0,,SAFE : Arrêt au feu rouge
48.20,71.9,0.0,SAFE,0,,SAFE : Arrêt au feu rouge
48.25,71.9,0.0,SAFE,0,,SAFE : Arrêt au feu rouge
48.30,71.9,0.0,SAFE,0,,SAFE : Arrêt au feu rouge
48.35,71.9,0.0,SAFE,0,,SAFE : Arrêt au feu rouge
48.40,71.9,0.0,SAFE,0,,SAFE : Arrêt au feu rouge
48.45,71.9,0.0,SAFE,0,,SAFE : Arrêt au feu rouge
48.50,71.9,0.0,SAFE,0,,SAFE : Arrêt au feu rouge
48.55,71.9,0.0,SAFE,0,,SAFE : Arrêt au feu rouge
48.60,71.9,0.0,SAFE,0,,SAFE : Arrêt au feu rouge
48.65,71.9,0.0,SAFE,0,,SAFE : Arrêt au feu rouge
48.70,71.9,0.0,SAFE,0,,SAFE : Arrêt au feu rouge
48.75,71.9,0.0,SAFE,0,,SAFE : Arrêt au feu rouge
48.80,71.9,0.0,SAFE,0,,SAFE : Arrêt au feu rouge
48.85,71.9,0.0,SAFE,0,,SAFE : Arrêt au feu rouge
48.90,71.9,0.0,SAFE,0,,SAFE : Arrêt au feu rouge
48.95,71.9,0.0,SAFE,0,,SAFE : Arrêt au feu rouge
49.00,71.9,0.0,SAFE,0,,SAFE : Arrêt au feu rouge
49.05,71.9,0.0,SAFE,0,,SAFE : Arrêt au feu rouge
49.10,71.9,0.0,SAFE,0,,SAFE : Arrêt au feu rouge
49.15,71.9,0.0,SAFE,0,,SAFE : Arrêt au feu rouge
49.20,71.9,0.0,SAFE,0,,SAFE : Arrêt au feu rouge
49.25,71.9,0.0,SAFE,0,,SAFE : Arrêt au feu rouge
49.30,71.9,0.0,SAFE,0,,SAFE : Arrêt au feu rouge
49.35,71.9,0.0,SAFE,0,,SAFE : Arrêt au feu rouge
49.40,71.9,0.0,SAFE,0,,SAFE : Arrêt au feu rouge
49.45,71.9,0.0,SAFE,0,,SAFE : Arrêt au feu rouge
49.50,71.9,0.0,SAFE,0,,SAFE : Arrêt au feu rouge
49.55,71.9,0.0,SAFE,0,,SAFE : Arrêt au feu rouge
49.60,71.9,0.0,SAFE,0,,SAFE : Arrêt au feu rouge
49.65,71.9,0.0,SAFE,0,,SAFE : Arrêt au feu rouge
49.70,71.9,0.0,SAFE,0,,SAFE : Arrêt au feu rouge
49.75,71.9,0.0,SAFE,0,,SAFE : Arrêt au feu rouge
49.80,71.9,0.0,SAFE,0,,SAFE : Arrêt au feu rouge
49.85,71.9,0.0,SAFE,0,,SAFE : Arrêt au feu rouge
49.90,71.9,0.0,SAFE,0,,SAFE : Arrêt au feu rouge
49.95,71.9,0.0,SAFE,0,,SAFE : Arrêt au feu rouge
50.00,71.9,0.0,SAFE,0,,SAFE : Arrêt au feu rouge
50.05,71.9,0.0,SAFE,0,,SAFE : Arrêt au feu rouge
50.10,71.9,0.0,SAFE,0,,SAFE : Arrêt au feu rouge
50.15,71.9,0.0,SAFE,0,,SAFE : Arrêt au feu rouge
50.20,71.9,0.0,SAFE,0,,SAFE : Arrêt au feu rouge
50.25,71.9,0.0,SAFE,0,,SAFE : Arrêt au feu rouge
50.30,71.9,0.0,SAFE,0,,SAFE : Arrêt au feu rouge
50.35,71.9,0.0,SAFE,0,,SAFE : Arrêt au feu rouge
50.40,71.9,0.0,SAFE,0,,SAFE : Arrêt au feu rouge
50.45,71.9,0.0,SAFE,0,,SAFE : Arrêt au feu rouge
50.50,71.9,0.0,SAFE,0,,SAFE : Arrêt au feu rouge
50.55,71.9,0.0,SAFE,0,,SAFE : Arrêt au feu rouge
50.60,71.9,0.0,SAFE,0,,SAFE : Arrêt au feu rouge
50.65,71.9,0.0,SAFE,0,,SAFE : Arrêt au feu rouge
50.70,71.9,0.0,SAFE,0,,SAFE : Arrêt au feu rouge
50.75,71.9,0.0,SAFE,0,,SAFE : Arrêt au feu rouge
50.80,71.9,0.0,SAFE,0,,SAFE : Arrêt au feu rouge
50.85,71.9,0.0,SAFE,0,,SAFE : Arrêt au feu rouge
50.90,71.9,0.0,SAFE,0,,SAFE : Arrêt au feu rouge
50.95,71.9,0.0,SAFE,0,,SAFE : Arrêt au feu rouge
51.00,71.9,0.0,SAFE,0,,SAFE : Arrêt au feu rouge
51.05,71.9,0.0,SAFE,0,,SAFE : Arrêt au feu rouge
51.10,71.9,0.0,SAFE,0,,SAFE : Arrêt au feu rouge
51.15,71.9,0.0,SAFE,0,,SAFE : Arrêt au feu rouge
51.20,71.9,0.0,SAFE,0,,SAFE : Arrêt au feu rouge
51.25,71.9,0.0,SAFE,0,,SAFE : Arrêt au feu rouge
51.30,71.9,0.0,SAFE,0,,SAFE : Arrêt au feu rouge
51.35,71.9,0.0,SAFE,0,,SAFE : Arrêt au feu rouge
51.40,71.9,0.0,SAFE,0,,SAFE : Arrêt au feu rouge
51.45,71.9,0.0,SAFE,0,,SAFE : Arrêt au feu rouge
51.50,71.9,0.0,SAFE,0,,SAFE : Arrêt au feu rouge
51.55,71.9,0.0,SAFE,0,,SAFE : Arrêt au feu rouge
51.60,71.9,0.0,SAFE,0,,SAFE : Arrêt au feu rouge
51.65,71.9,0.0,SAFE,0,,SAFE : Arrêt au feu rouge
51.70,71.9,0.0,SAFE,0,,SAFE : Arrêt au feu rouge
51.75,71.9,0.0,SAFE,0,,SAFE : Arrêt au feu rouge
51.80,71.9,0.0,SAFE,0,,SAFE : Arrêt au feu rouge
51.85,71.9,0.0,SAFE,0,,SAFE : Arrêt au feu rouge
51.90,71.9,0.0,SAFE,0,,SAFE : Arrêt au feu rouge
51.95,71.9,0.0,SAFE,0,,SAFE : Arrêt au feu rouge
52.00,71.9,0.0,SAFE,0,,SAFE : Arrêt au feu rouge
52.05,71.9,0.0,SAFE,0,,SAFE : Arrêt au feu rouge
52.10,71.9,0.0,SAFE,0,,SAFE : Arrêt au feu rouge
52.15,71.9,0.0,SAFE,0,,SAFE : Arrêt au feu rouge
52.20,71.9,0.0,SAFE,0,,SAFE : Arrêt au feu rouge
52.25,71.9,0.0,SAFE,0,,SAFE : Arrêt au feu rouge
52.30,71.9,0.0,SAFE,0,,SAFE : Arrêt au feu rouge
52.35,71.9,0.0,SAFE,0,,SAFE : Arrêt au feu rouge
52.40,71.9,0.0,SAFE,0,,SAFE : Arrêt au feu rouge
52.45,71.9,0.0,SAFE,0,,SAFE : Arrêt au feu rouge
52.50,71.9,0.0,SAFE,0,,SAFE : Arrêt au feu rouge
52.55,71.9,0.0,SAFE,0,,SAFE : Arrêt au feu rouge
52.60,71.9,0.0,SAFE,0,,SAFE : Arrêt au feu rouge
52.65,71.9,0.0,SAFE,0,,SAFE : Arrêt au feu rouge
52.70,71.9,0.0,SAFE,0,,SAFE : Arrêt au feu rouge
52.75,71.9,0.0,SAFE,0,,SAFE : Arrêt au feu rouge
52.80,71.9,0.0,SAFE,0,,SAFE : Arrêt au feu rouge
52.85,71.9,0.0,SAFE,0,,SAFE : Arrêt au feu rouge
52.90,71.9,0.0,SAFE,0,,SAFE : Arrêt au feu rouge
52.95,71.9,0.0,SAFE,0,,SAFE : Arrêt au feu rouge
53.00,71.9,0.0,SAFE,0,,SAFE : Arrêt au feu rouge
53.05,71.9,0.0,SAFE,0,,SAFE : Arrêt au feu rouge
53.10,71.9,0.0,SAFE,0,,SAFE : Arrêt au feu rouge
53.15,71.9,0.0,SAFE,0,,SAFE : Arrêt au feu rouge
53.20,71.9,0.0,SAFE,0,,SAFE : Arrêt au feu rouge
53.25,71.9,0.0,SAFE,0,,SAFE : Arrêt au feu rouge
53.30,71.9,0.0,SAFE,0,,SAFE : Arrêt au feu rouge
53.35,71.9,0.0,SAFE,0,,SAFE : Arrêt au feu rouge
53.40,71.9,0.0,SAFE,0,,SAFE : Arrêt au feu rouge
53.45,71.9,0.0,SAFE,0,,SAFE : Arrêt au feu rouge
53.50,71.9,0.0,SAFE,0,,SAFE : Arrêt au feu rouge
53.55,71.9,0.0,SAFE,0,,SAFE : Arrêt au feu rouge
53.60,71.9,0.0,SAFE,0,,SAFE : Arrêt au feu rouge
53.65,71.9,0.0,SAFE,0,,SAFE : Arrêt au feu rouge
53.70,71.9,0.0,SAFE,0,,SAFE : Arrêt au feu rouge
53.75,71.9,0.0,SAFE,0,,SAFE : Arrêt au feu rouge
53.80,71.9,0.0,SAFE,0,,SAFE : Arrêt au feu rouge
53.85,71.9,0.0,SAFE,0,,SAFE : Arrêt au feu rouge
53.90,71.9,0.0,SAFE,0,,SAFE : Arrêt au feu rouge
53.95,71.9,0.0,SAFE,0,,SAFE : Arrêt au feu rouge
54.00,71.9,0.0,SAFE,0,,SAFE : Arrêt au feu rouge
54.05,71.9,0.0,SAFE,0,,SAFE : Arrêt au feu rouge
54.10,71.9,0.0,SAFE,0,,SAFE : Arrêt au feu rouge
54.15,71.9,0.0,SAFE,0,,SAFE : Arrêt au feu rouge
54.20,71.9,0.0,SAFE,0,,SAFE : Arrêt au feu rouge
54.25,71.9,0.0,SAFE,0,,SAFE : Arrêt au feu rouge
54.30,71.9,0.0,SAFE,0,,SAFE : Arrêt au feu rouge
54.35,71.9,0.0,SAFE,0,,SAFE : Arrêt au feu rouge
54.40,71.9,0.0,SAFE,0,,SAFE : Arrêt au feu rouge
54.45,71.9,0.0,SAFE,0,,SAFE : Arrêt au feu rouge
54.50,71.9,0.0,SAFE,0,,SAFE : Arrêt au feu rouge
54.55,71.9,0.0,SAFE,0,,SAFE : Arrêt au feu rouge
54.60,71.9,0.0,SAFE,0,,SAFE : Arrêt au feu rouge
54.65,71.9,0.0,SAFE,0,,SAFE : Arrêt au feu rouge
54.70,71.9,0.0,SAFE,0,,SAFE : Arrêt au feu rouge
54.75,71.9,0.0,SAFE,0,,SAFE : Arrêt au feu rouge
54.80,71.9,0.0,SAFE,0,,SAFE : Arrêt au feu rouge
54.85,71.9,0.0,SAFE,0,,SAFE : Arrêt au feu rouge
54.90,71.9,0.0,SAFE,0,,SAFE : Arrêt au feu rouge
54.95,71.9,0.0,SAFE,0,,SAFE : Arrêt au feu rouge
55.00,71.9,0.0,SAFE,0,,SAFE : Arrêt au feu rouge
55.05,71.9,0.0,SAFE,0,,SAFE : Arrêt au feu rouge
55.10,71.9,0.0,SAFE,0,,SAFE : Arrêt au feu rouge
55.15,71.9,0.0,SAFE,0,,SAFE : Arrêt au feu rouge
55.20,71.9,0.0,SAFE,0,,SAFE : Arrêt au feu rouge
55.25,71.9,0.0,SAFE,0,,SAFE : Arrêt au feu rouge
55.30,71.9,0.0,SAFE,0,,SAFE : Arrêt au feu rouge
55.35,71.9,0.0,SAFE,0,,SAFE : Arrêt au feu rouge
55.40,71.9,0.0,SAFE,0,,SAFE : Arrêt au feu rouge
55.45,71.9,0.0,SAFE,0,,SAFE : Arrêt au feu rouge
55.50,71.9,0.0,SAFE,0,,SAFE : Arrêt au feu rouge
55.55,71.9,0.0,SAFE,0,,SAFE : Arrêt au feu rouge
55.60,71.9,0.0,SAFE,0,,SAFE : Arrêt au feu rouge
55.65,71.9,0.0,SAFE,0,,SAFE : Arrêt au feu rouge
55.70,71.9,0.0,SAFE,0,,SAFE : Arrêt au feu rouge
55.75,71.9,0.0,SAFE,0,,SAFE : Arrêt au feu rouge
55.80,71.9,0.0,SAFE,0,,SAFE : Arrêt au feu rouge
55.85,71.9,0.0,SAFE,0,,SAFE : Arrêt au feu rouge
55.90,71.9,0.0,SAFE,0,,SAFE : Arrêt au feu rouge
55.95,71.9,0.0,SAFE,0,,SAFE : Arrêt au feu rouge
56.00,71.9,0.0,SAFE,0,,SAFE : Arrêt au feu rouge
56.05,71.9,0.0,SAFE,0,,SAFE : Arrêt au feu rouge
56.10,71.9,0.0,SAFE,0,,SAFE : Arrêt au feu rouge
56.15,71.9,0.0,SAFE,0,,SAFE : Arrêt au feu rouge
56.20,71.9,0.0,SAFE,0,,SAFE : Arrêt au feu rouge
56.25,71.9,0.0,SAFE,0,,SAFE : Arrêt au feu rouge
56.30,71.9,0.0,SAFE,0,,SAFE : Arrêt au feu rouge
56.35,71.9,0.0,SAFE,0,,SAFE : Arrêt au feu rouge
56.40,71.9,0.0,SAFE,0,,SAFE : Arrêt au feu rouge
56.45,71.9,0.0,SAFE,0,,SAFE : Arrêt au feu rouge
56.50,71.9,0.0,SAFE,0,,SAFE : Arrêt au feu rouge
56.55,71.9,0.0,SAFE,0,,SAFE : Arrêt au feu rouge
56.60,71.9,0.0,SAFE,0,,SAFE : Arrêt au feu rouge
56.65,71.9,0.0,SAFE,0,,SAFE : Arrêt au feu rouge
56.70,71.9,0.0,SAFE,0,,SAFE : Arrêt au feu rouge
56.75,71.9,0.0,SAFE,0,,SAFE : Arrêt au feu rouge
56.80,71.9,0.0,SAFE,0,,SAFE : Arrêt au feu rouge
56.85,71.9,0.0,SAFE,0,,SAFE : Arrêt au feu rouge
56.90,71.9,0.0,SAFE,0,,SAFE : Arrêt au feu rouge
56.95,71.9,0.0,SAFE,0,,SAFE : Arrêt au feu rouge
57.00,71.9,0.0,SAFE,0,,SAFE : Arrêt au feu rouge
57.05,71.9,0.0,SAFE,0,,SAFE : Arrêt au feu rouge
57.10,71.9,0.0,SAFE,0,,SAFE : Arrêt au feu rouge
57.15,71.9,0.0,SAFE,0,,SAFE : Arrêt au feu rouge
57.20,71.9,0.0,SAFE,0,,SAFE : Arrêt au feu rouge
57.25,71.9,0.0,SAFE,0,,SAFE : Arrêt au feu rouge
57.30,71.9,0.0,SAFE,0,,SAFE : Arrêt au feu rouge
57.35,71.9,0.0,SAFE,0,,SAFE : Arrêt au feu rouge
57.40,71.9,0.0,SAFE,0,,SAFE : Arrêt au feu rouge
57.45,71.9,0.0,SAFE,0,,SAFE : Arrêt au feu rouge
57.50,71.9,0.0,SAFE,0,,SAFE : Arrêt au feu rouge
57.55,71.9,0.0,SAFE,0,,SAFE : Arrêt au feu rouge
57.60,71.9,0.0,SAFE,0,,SAFE : Arrêt au feu rouge
57.65,71.9,0.0,SAFE,0,,SAFE : Arrêt au feu rouge
57.70,71.9,0.0,SAFE,0,,SAFE : Arrêt au feu rouge
57.75,71.9,0.0,SAFE,0,,SAFE : Arrêt au feu rouge
57.80,71.9,0.0,SAFE,0,,SAFE : Arrêt au feu rouge
57.85,71.9,0.0,SAFE,0,,SAFE : Arrêt au feu rouge
57.90,71.9,0.0,SAFE,0,,SAFE : Arrêt au feu rouge
57.95,71.9,0.0,SAFE,0,,SAFE : Arrêt au feu rouge
58.00,71.9,0.0,SAFE,0,,SAFE : Arrêt au feu rouge
58.05,71.9,0.0,SAFE,0,,SAFE : Arrêt au feu rouge
58.10,71.9,0.0,SAFE,0,,SAFE : Arrêt au feu rouge
58.15,71.9,0.0,SAFE,0,,SAFE : Arrêt au feu rouge
58.20,71.9,0.0,SAFE,0,,SAFE : Arrêt au feu rouge
58.25,71.9,0.0,SAFE,0,,SAFE : Arrêt au feu rouge
58.30,71.9,0.0,SAFE,0,,SAFE : Arrêt au feu rouge
58.35,71.9,0.0,SAFE,0,,SAFE : Arrêt au feu rouge
58.40,71.9,0.0,SAFE,0,,SAFE : Arrêt au feu rouge
58.45,71.9,0.0,SAFE,0,,SAFE : Arrêt au feu rouge
58.50,71.9,0.0,SAFE,0,,SAFE : Arrêt au feu rouge
58.55,71.9,0.0,SAFE,0,,SAFE : Arrêt au feu rouge
58.60,71.9,0.0,SAFE,0,,SAFE : Arrêt au feu rouge
58.65,71.9,0.0,SAFE,0,,SAFE : Arrêt au feu rouge
58.70,71.9,0.0,SAFE,0,,SAFE : Arrêt au feu rouge
58.75,71.9,0.0,SAFE,0,,SAFE : Arrêt au feu rouge
58.80,71.9,0.0,SAFE,0,,SAFE : Arrêt au feu rouge
58.85,71.9,0.0,SAFE,0,,SAFE : Arrêt au feu rouge
58.90,71.9,0.0,SAFE,0,,SAFE : Arrêt au feu rouge
58.95,71.9,0.0,SAFE,0,,SAFE : Arrêt au feu rouge
59.00,71.9,0.0,SAFE,0,,SAFE : Arrêt au feu rouge
59.05,71.9,0.0,SAFE,0,,SAFE : Arrêt au feu rouge
59.10,71.9,0.0,SAFE,0,,SAFE : Arrêt au feu rouge
59.15,71.9,0.0,SAFE,0,,SAFE : Arrêt au feu rouge
59.20,71.9,0.0,SAFE,0,,SAFE : Arrêt au feu rouge
59.25,71.9,0.0,SAFE,0,,SAFE : Arrêt au feu rouge
59.30,71.9,0.0,SAFE,0,,SAFE : Arrêt au feu rouge
59.35,71.9,0.0,SAFE,0,,SAFE : Arrêt au feu rouge
59.40,71.9,0.0,SAFE,0,,SAFE : Arrêt au feu rouge
59.45,71.9,0.0,SAFE,0,,SAFE : Arrêt au feu rouge
59.50,71.9,0.0,SAFE,0,,SAFE : Arrêt au feu rouge
59.55,71.9,0.0,SAFE,0,,SAFE : Arrêt au feu rouge
59.60,71.9,0.0,SAFE,0,,SAFE : Arrêt au feu rouge
59.65,71.9,0.0,SAFE,0,,SAFE : Arrêt au feu rouge
59.70,71.9,0.0,SAFE,0,,SAFE : Arrêt au feu rouge
59.75,71.9,0.0,SAFE,0,,SAFE : Arrêt au feu rouge
59.80,71.9,0.0,SAFE,0,,SAFE : Arrêt au feu rouge
59.85,71.9,0.0,SAFE,0,,SAFE : Arrêt au feu rouge
59.90,71.9,0.0,SAFE,0,,SAFE : Arrêt au feu rouge
59.95,71.9,0.0,SAFE,0,,SAFE : Arrêt au feu rouge
60.00,71.9,0.0,SAFE,0,,SAFE : Arrêt au feu rouge
60.05,71.9,0.0,SAFE,0,,SAFE : Arrêt au feu rouge
60.10,71.9,0.0,SAFE,0,,SAFE : Arrêt au feu rouge
60.15,71.9,0.0,SAFE,0,,SAFE : Arrêt au feu rouge
60.20,71.9,0.0,SAFE,0,,SAFE : Arrêt au feu rouge
60.25,71.9,0.0,SAFE,0,,SAFE : Arrêt au feu rouge
60.30,71.9,0.0,SAFE,0,,SAFE : Arrêt au feu rouge
60.35,71.9,0.0,SAFE,0,,Voie libre
60.40,71.9,0.0,SAFE,0,,Voie libre
60.45,71.9,0.0,SAFE,0,,Voie libre
60.50,71.9,0.0,SAFE,0,,Voie libre
60.55,71.9,0.6,SAFE,0,,Voie libre
60.60,71.9,0.9,SAFE,0,,Voie libre
60.65,71.9,1.4,SAFE,0,,Voie libre
60.70,71.9,2.0,SAFE,0,,Voie libre
60.75,71.9,2.5,SAFE,0,,Voie libre
60.80,72.0,3.0,SAFE,0,,Voie libre
60.85,72.0,3.5,SAFE,0,,Voie libre
60.90,72.1,4.1,SAFE,0,,Voie libre
60.95,72.1,4.6,SAFE,0,,Voie libre
61.00,72.2,5.2,SAFE,0,,Voie libre
61.05,72.3,5.6,SAFE,0,,Voie libre
61.10,72.4,6.4,SAFE,0,,Voie libre
61.15,72.5,6.8,SAFE,0,,Voie libre
61.20,72.6,7.5,SAFE,0,,Voie libre
61.25,72.7,7.9,SAFE,0,,Voie libre
61.30,72.8,8.6,SAFE,0,,Voie libre
61.35,72.9,9.0,SAFE,0,,Voie libre
61.40,73.0,9.5,SAFE,0,,Voie libre
61.45,73.2,9.9,SAFE,0,,Voie libre
61.50,73.3,10.4,SAFE,0,,Voie libre
61.55,73.5,10.8,SAFE,0,,Voie libre
61.60,73.6,11.4,SAFE,0,,Voie libre
61.65,73.8,11.8,SAFE,0,,Voie libre
61.70,73.9,12.4,SAFE,0,,Voie libre
61.75,74.1,12.8,SAFE,0,,Voie libre
61.80,74.3,13.2,SAFE,0,,Voie libre
61.85,74.5,13.6,SAFE,0,,Voie libre
61.90,74.7,14.0,SAFE,0,,Voie libre
61.95,74.9,14.4,SAFE,0,,Voie libre
62.00,75.1,14.7,SAFE,0,,Voie libre
62.05,75.3,15.0,SAFE,0,,Voie libre
62.10,75.5,15.3,SAFE,0,,Voie libre
62.15,75.7,15.6,SAFE,0,,Voie libre
62.20,75.9,15.9,SAFE,0,,Voie libre
62.25,76.2,16.1,SAFE,0,,Voie libre
62.30,76.4,16.3,SAFE,0,,Voie libre
62.35,76.6,16.6,SAFE,0,,Voie libre
62.40,76.8,16.8,SAFE,0,,Voie libre
62.45,77.1,16.9,SAFE,0,,Voie libre
62.50,77.3,17.1,SAFE,0,,Voie libre
62.55,77.5,17.3,SAFE,0,,Voie libre
62.60,77.8,17.4,SAFE,0,,Voie libre
62.65,78.0,17.6,SAFE,0,,Voie libre
62.70,78.3,17.7,SAFE,0,,Voie libre
62.75,78.5,17.8,SAFE,0,,Voie libre
62.80,78.8,18.0,SAFE,0,,Voie libre
62.85,79.0,18.1,SAFE,0,,Voie libre
62.90,79.3,18.1,SAFE,0,,Voie libre
62.95,79.5,18.1,SAFE,0,,Voie libre
63.00,79.8,18.0,SAFE,0,,Voie libre
63.05,80.0,18.1,SAFE,0,,Voie libre
63.10,80.3,18.2,SAFE,0,,Voie libre
63.15,80.5,18.1,SAFE,0,,Voie libre
63.20,80.8,18.0,SAFE,0,,Voie libre
63.25,81.0,18.1,SAFE,0,,Voie libre
63.30,81.3,18.2,SAFE,0,,Voie libre
63.35,81.5,18.2,SAFE,0,,Voie libre
63.40,81.8,18.0,SAFE,0,,Voie libre
63.45,82.0,18.2,SAFE,0,,Voie libre
63.50,82.3,18.2,SAFE,0,,Voie libre
63.55,82.5,18.1,SAFE,0,,Voie libre
63.60,82.8,18.2,SAFE,0,,Voie libre
63.65,83.0,18.4,SAFE,0,,Voie libre
63.70,83.3,18.5,SAFE,0,,Voie libre
63.75,83.6,18.2,SAFE,0,,Voie libre
63.80,83.8,18.3,SAFE,0,,Voie libre
63.85,84.1,18.3,SAFE,0,,Voie libre
63.90,84.3,18.3,SAFE,0,,Voie libre
63.95,84.6,18.2,SAFE,0,,Voie libre
64.00,84.8,18.3,SAFE,0,,Voie libre
64.05,85.1,18.4,SAFE,0,,Voie libre
64.10,85.3,18.4,SAFE,0,,Voie libre
64.15,85.6,18.4,SAFE,0,,Voie libre
64.20,85.8,18.4,SAFE,0,,Voie libre
64.25,86.1,18.6,SAFE,0,,Voie libre
64.30,86.3,18.6,SAFE,0,,Voie libre
64.35,86.6,18.6,SAFE,0,,Voie libre
64.40,86.9,18.5,SAFE,0,,Voie libre
64.45,87.1,18.5,SAFE,0,,Voie libre
64.50,87.4,18.7,SAFE,0,,Voie libre
64.55,87.6,18.6,SAFE,0,,Voie libre
64.60,87.9,18.5,SAFE,0,,Voie libre
64.65,88.1,18.5,SAFE,0,,Voie libre
64.70,88.4,18.6,SAFE,0,,Voie libre
64.75,88.6,18.5,SAFE,0,,Voie libre
64.80,88.9,18.4,SAFE,0,,Voie libre
64.85,89.1,18.7,SAFE,0,,Voie libre
64.90,89.4,18.5,SAFE,0,,Voie libre
64.95,89.7,18.4,SAFE,0,,Voie libre
65.00,89.9,18.2,SAFE,0,,Voie libre
65.05,90.2,18.6,SAFE,0,,Voie libre
65.10,90.4,18.3,SAFE,0,,Voie libre
65.15,90.7,18.6,SAFE,0,,Voie libre
65.20,90.9,18.3,SAFE,0,,Voie libre
65.25,91.2,18.6,SAFE,0,,Voie libre
65.30,91.4,18.5,SAFE,0,,Voie libre
65.35,91.7,18.7,SAFE,0,,Voie libre
65.40,92.0,18.3,SAFE,0,,Voie libre
65.45,92.2,18.8,SAFE,0,,Voie libre
65.50,92.5,18.4,SAFE,0,,Voie libre
65.55,92.7,18.7,SAFE,0,,Voie libre
65.60,93.0,18.3,SAFE,0,,Voie libre
65.65,93.3,18.7,SAFE,0,,Voie libre
65.70,93.5,18.3,SAFE,0,,Voie libre
65.75,93.8,18.6,SAFE,0,,Voie libre
65.80,94.0,18.3,SAFE,0,,Voie libre
65.85,94.3,18.7,SAFE,0,,Voie libre
65.90,94.5,18.3,SAFE,0,,Voie libre
65.95,94.8,18.6,SAFE,0,,Voie libre
66.00,95.0,18.2,SAFE,0,,Voie libre
66.05,95.3,18.7,SAFE,0,,Voie libre
66.10,95.6,18.3,SAFE,0,,Voie libre
66.15,95.8,18.6,SAFE,0,,Voie libre
66.20,96.1,18.3,SAFE,0,,Voie libre
66.25,96.3,18.6,SAFE,0,,Voie libre
66.30,96.6,18.3,SAFE,0,,Voie libre
66.35,96.8,18.6,SAFE,0,,Voie libre
66.40,97.1,18.3,SAFE,0,,Voie libre
66.45,97.4,18.6,SAFE,0,,Voie libre
66.50,97.6,18.3,SAFE,0,,Voie libre
66.55,97.9,18.6,SAFE,0,,Voie libre
66.60,98.1,18.3,SAFE,0,,Voie libre
66.65,98.4,18.6,SAFE,0,,Voie libre
66.70,98.6,18.3,SAFE,0,,Voie libre
66.75,98.9,18.6,SAFE,0,,Voie libre
66.80,99.1,18.2,SAFE,0,,Voie libre
66.85,99.4,18.6,SAFE,0,,Voie libre
66.90,99.7,18.3,SAFE,0,,Voie libre
66.95,99.9,18.6,SAFE,0,,Voie libre
67.00,100.2,18.2,SAFE,0,,Voie libre
67.05,100.4,18.6,SAFE,0,,Voie libre
67.10,100.7,18.3,SAFE,0,,Voie libre
67.15,100.9,18.6,SAFE,0,,Voie libre
67.20,101.2,18.2,SAFE,0,,Voie libre
67.25,101.4,18.6,SAFE,0,,Voie libre
67.30,101.7,18.3,SAFE,0,,Voie libre
67.35,102.0,18.6,SAFE,0,,Voie libre
67.40,102.2,18.2,SAFE,0,,Voie libre
67.45,102.5,18.6,SAFE,0,,Voie libre
67.50,102.7,18.3,SAFE,0,,Voie libre
67.55,103.0,18.6,SAFE,0,,Voie libre
67.60,103.2,18.2,SAFE,0,,Voie libre
67.65,103.5,18.6,SAFE,0,,Voie libre
67.70,103.8,18.3,SAFE,0,,Voie libre
67.75,104.0,18.6,SAFE,0,,Voie libre
67.80,104.3,18.2,SAFE,0,,Voie libre
67.85,104.5,18.6,SAFE,0,,Voie libre
67.90,104.8,18.3,SAFE,0,,Voie libre
67.95,105.0,18.6,SAFE,0,,Voie libre
68.00,105.3,18.2,SAFE,0,,Voie libre
68.05,105.5,18.6,SAFE,0,,Voie libre
68.10,105.8,18.3,SAFE,0,,Voie libre
68.15,106.1,18.6,SAFE,0,,Voie libre
68.20,106.3,18.2,SAFE,0,,Voie libre
68.25,106.6,18.6,SAFE,0,,Voie libre
68.30,106.8,18.3,SAFE,0,,Voie libre
68.35,107.1,18.6,SAFE,0,,Voie libre
68.40,107.3,18.2,SAFE,0,,Voie libre
68.45,107.6,18.6,SAFE,0,,Voie libre
68.50,107.8,18.3,SAFE,0,,Voie libre
68.55,108.1,18.6,SAFE,0,,Voie libre
68.60,108.4,18.2,SAFE,0,,Voie libre
68.65,108.6,18.6,SAFE,0,,Voie libre
68.70,108.9,18.3,SAFE,0,,Voie libre
68.75,109.1,18.6,SAFE,0,,Voie libre
68.80,109.4,18.2,SAFE,0,,Voie libre
68.85,109.6,18.6,SAFE,0,,Voie libre
68.90,109.9,18.3,SAFE,0,,Voie libre
68.95,110.2,18.6,SAFE,0,,Voie libre
69.00,110.4,18.2,SAFE,0,,Voie libre
69.05,110.7,18.6,SAFE,0,,Voie libre
69.10,110.9,18.3,SAFE,0,,Voie libre
69.15,111.2,18.6,SAFE,0,,Voie libre
69.20,111.4,18.2,SAFE,0,,Voie libre
69.25,111.7,18.6,SAFE,0,,Voie libre
69.30,111.9,18.3,SAFE,0,,Voie libre
69.35,112.2,18.6,SAFE,0,,Voie libre
69.40,112.5,18.2,SAFE,0,,Voie libre
69.45,112.7,18.6,SAFE,0,,Voie libre
69.50,113.0,18.3,SAFE,0,,Voie libre
69.55,113.2,18.6,SAFE,0,,Voie libre
69.60,113.5,18.2,SAFE,0,,Voie libre
69.65,113.7,18.6,SAFE,0,,Voie libre
69.70,114.0,18.3,SAFE,0,,Voie libre
69.75,114.2,18.6,SAFE,0,,Voie libre
69.80,114.5,18.2,SAFE,0,,Voie libre
69.85,114.8,18.6,SAFE,0,,Voie libre
69.90,115.0,18.3,SAFE,0,,Voie libre
69.95,115.3,18.6,SAFE,0,,Voie libre
70.00,115.5,18.2,SAFE,0,,Voie libre
70.05,115.8,18.6,SAFE,0,,Voie libre
70.10,116.0,18.3,SAFE,0,,Voie libre
70.15,116.3,18.6,SAFE,0,,Voie libre
70.20,116.6,18.2,SAFE,0,,Voie libre
70.25,116.8,18.6,SAFE,0,,Voie libre
70.30,117.1,18.3,SAFE,0,,Voie libre
70.35,117.3,18.6,SAFE,0,,Voie libre
70.40,117.6,18.2,SAFE,0,,Voie libre
70.45,117.8,18.6,SAFE,0,,Voie libre
70.50,118.1,18.3,SAFE,0,,Voie libre
70.55,118.3,18.6,SAFE,0,,Voie libre
70.60,118.6,18.2,SAFE,0,,Voie libre
70.65,118.9,18.6,SAFE,0,,Voie libre
70.70,119.1,18.3,SAFE,0,,Voie libre
70.75,119.4,18.6,SAFE,0,,Voie libre
70.80,119.6,18.2,SAFE,0,,Voie libre
70.85,119.9,18.6,SAFE,0,,Voie libre
70.90,120.1,18.3,SAFE,0,,Voie libre
70.95,120.4,18.6,SAFE,0,,Voie libre
71.00,120.6,18.2,SAFE,0,,Voie libre
71.05,120.9,18.6,SAFE,0,,Voie libre
71.10,121.2,18.3,SAFE,0,,Voie libre
71.15,121.4,18.6,SAFE,0,,Voie libre
71.20,121.7,18.2,SAFE,0,,Voie libre
71.25,121.9,18.6,SAFE,0,,Voie libre
71.30,122.2,18.3,SAFE,0,,Voie libre
71.35,122.4,18.6,SAFE,0,,Voie libre
71.40,122.7,18.2,SAFE,0,,Voie libre
71.45,123.0,18.6,SAFE,0,,Voie libre
71.50,123.2,18.3,SAFE,0,,Voie libre
71.55,123.5,18.6,SAFE,0,,Voie libre
71.60,123.7,18.2,SAFE,0,,Voie libre
71.65,124.0,18.6,SAFE,0,,Voie libre
71.70,124.2,18.3,SAFE,0,,Voie libre
71.75,124.5,18.6,SAFE,0,,Voie libre
71.80,124.7,18.2,SAFE,0,,Voie libre
71.85,125.0,18.6,SAFE,0,,Voie libre
71.90,125.3,18.3,SAFE,0,,Voie libre
71.95,125.5,18.6,SAFE,0,,Voie libre
72.00,125.8,18.2,SAFE,0,,Voie libre
72.05,126.0,18.6,SAFE,0,,Voie libre
72.10,126.3,18.3,SAFE,0,,Voie libre
72.15,126.5,18.6,SAFE,0,,Voie libre
72.20,126.8,18.2,SAFE,0,,Voie libre
72.25,127.0,18.6,SAFE,0,,Voie libre
72.30,127.3,18.3,SAFE,0,,Voie libre
72.35,127.6,18.6,SAFE,0,,Voie libre
72.40,127.8,18.2,SAFE,0,,Voie libre
72.45,128.1,18.6,SAFE,0,,Voie libre
72.50,128.3,18.3,SAFE,0,,Voie libre
72.55,128.6,18.6,SAFE,0,,Voie libre
72.60,128.8,18.2,SAFE,0,,Voie libre
72.65,129.1,18.6,SAFE,0,,Voie libre
72.70,129.3,18.3,SAFE,0,,Voie libre
72.75,129.6,18.6,SAFE,0,,Voie libre
72.80,129.9,18.2,SAFE,0,,Voie libre
72.85,130.1,18.6,SAFE,0,,Voie libre
72.90,130.4,18.3,SAFE,0,,Voie libre
72.95,130.6,18.6,SAFE,0,,Voie libre
73.00,130.9,18.2,SAFE,0,,Voie libre
73.05,131.1,18.6,SAFE,0,,Voie libre
73.10,131.4,18.3,SAFE,0,,Voie libre
73.15,131.7,18.6,SAFE,0,,Voie libre
73.20,131.9,18.2,SAFE,0,,Voie libre
73.25,132.2,18.6,SAFE,0,,Voie libre
73.30,132.4,18.3,SAFE,0,,Voie libre
73.35,132.7,18.6,SAFE,0,,Voie libre
73.40,132.9,18.2,SAFE,0,,Voie libre
73.45,133.2,18.6,SAFE,0,,Voie libre
73.50,133.4,18.3,SAFE,0,,Voie libre
73.55,133.7,18.6,SAFE,0,,Voie libre
73.60,134.0,18.2,SAFE,0,,Voie libre
73.65,134.2,18.6,SAFE,0,,Voie libre
73.70,134.5,18.3,SAFE,0,,Voie libre
73.75,134.7,18.6,SAFE,0,,Voie libre
73.80,135.0,18.2,SAFE,0,,Voie libre
73.85,135.2,18.6,SAFE,0,,Voie libre
73.90,135.5,18.3,SAFE,0,,Voie libre
73.95,135.7,18.6,SAFE,0,,Voie libre
74.00,136.0,18.2,SAFE,0,,Voie libre
74.05,136.3,18.6,SAFE,0,,Voie libre
74.10,136.5,18.3,SAFE,0,,Voie libre
74.15,136.8,18.6,SAFE,0,,Voie libre
74.20,137.0,18.2,SAFE,0,,Voie libre
74.25,137.3,18.6,SAFE,0,,Voie libre
74.30,137.5,18.3,SAFE,0,,Voie libre
74.35,137.8,18.6,SAFE,0,,Voie libre
74.40,138.0,18.2,SAFE,0,,Voie libre
74.45,138.3,18.6,SAFE,0,,Voie libre
74.50,138.6,18.3,SAFE,0,,Voie libre
74.55,138.8,18.6,SAFE,0,,Voie libre
74.60,139.1,18.2,SAFE,0,,Voie libre
74.65,139.3,18.6,SAFE,0,,Voie libre
74.70,139.6,18.3,SAFE,0,,Voie libre
74.75,139.8,18.6,SAFE,0,,Voie libre
74.80,140.1,18.2,SAFE,0,,Voie libre
74.85,140.3,18.6,SAFE,0,,Voie libre
74.90,140.6,18.3,SAFE,0,,Voie libre
74.95,140.9,18.6,SAFE,0,,Voie libre
75.00,141.1,18.2,SAFE,0,,Voie libre
75.05,141.4,18.6,SAFE,0,,Voie libre
75.10,141.6,18.3,SAFE,0,,Voie libre
75.15,141.9,18.6,SAFE,0,,Voie libre
75.20,142.1,18.2,SAFE,0,,Voie libre
75.25,142.4,18.6,SAFE,0,,Voie libre
75.30,142.6,18.3,SAFE,0,,Voie libre
75.35,142.9,18.6,SAFE,0,,Voie libre
75.40,143.2,18.2,SAFE,0,,Voie libre
75.45,143.4,18.6,SAFE,0,,Voie libre
75.50,143.7,18.3,SAFE,0,,Voie libre
75.55,143.9,18.6,SAFE,0,,Voie libre
75.60,144.2,18.2,SAFE,0,,Voie libre
75.65,144.4,18.6,SAFE,0,,Voie libre
75.70,144.7,18.3,SAFE,0,,Voie libre
75.75,144.9,18.6,SAFE,0,,Voie libre
75.80,145.2,18.2,SAFE,0,,Voie libre
75.85,145.5,18.6,SAFE,0,,Voie libre
75.90,145.7,18.3,SAFE,0,,Voie libre
75.95,146.0,18.6,SAFE,0,,Voie libre
76.00,146.2,18.2,SAFE,0,,Voie libre
76.05,146.5,18.6,SAFE,0,,Voie libre
76.10,146.7,18.3,SAFE,0,,Voie libre
76.15,147.0,18.6,SAFE,0,,Voie libre
76.20,147.2,18.2,SAFE,0,,Voie libre
76.25,147.5,18.6,SAFE,0,,Voie libre
76.30,147.8,18.3,SAFE,0,,Voie libre
76.35,148.0,18.6,SAFE,0,,Voie libre
76.40,148.3,18.2,SAFE,0,,Voie libre
76.45,148.5,18.6,SAFE,0,,Voie libre
76.50,148.8,18.3,SAFE,0,,Voie libre
76.55,149.0,18.6,SAFE,0,,Voie libre
76.60,149.3,18.2,SAFE,0,,Voie libre
76.65,149.6,18.6,SAFE,0,,Voie libre
76.70,149.8,18.3,SAFE,0,,Voie libre
76.75,150.1,18.6,SAFE,0,,Voie libre
76.80,150.3,18.2,SAFE,0,,Voie libre
76.85,150.6,18.6,SAFE,0,,Voie libre
76.90,150.8,18.3,SAFE,0,,Voie libre
76.95,151.1,18.6,SAFE,0,,Voie libre
77.00,151.3,18.2,SAFE,0,,Voie libre
77.05,151.6,18.6,SAFE,0,,Voie libre
77.10,151.9,18.3,SAFE,0,,Voie libre
77.15,152.1,18.6,SAFE,0,,Voie libre
77.20,152.4,18.2,SAFE,0,,Voie libre
77.25,152.6,18.6,SAFE,0,,Voie libre
77.30,152.9,18.3,SAFE,0,,Voie libre
77.35,153.1,18.6,SAFE,0,,Voie libre
77.40,153.4,18.2,SAFE,0,,Voie libre
77.45,153.6,18.6,SAFE,0,,Voie libre
77.50,153.9,18.3,SAFE,0,,Voie libre
77.55,154.2,18.6,SAFE,0,,Voie libre
77.60,154.4,18.2,SAFE,0,,Voie libre
77.65,154.7,18.6,SAFE,0,,Voie libre
77.70,154.9,18.3,SAFE,0,,Voie libre
77.75,155.2,18.6,SAFE,0,,Voie libre
77.80,155.4,18.2,SAFE,0,,Voie libre
77.85,155.7,18.6,SAFE,0,,Voie libre
77.90,155.9,18.3,SAFE,0,,Voie libre
77.95,156.2,18.6,SAFE,0,,Voie libre
78.00,156.5,18.2,SAFE,0,,Voie libre
78.05,156.7,18.6,SAFE,0,,Voie libre
78.10,157.0,18.3,SAFE,0,,Voie libre
78.15,157.2,18.6,SAFE,0,,Voie libre
78.20,157.5,18.2,SAFE,0,,Voie libre
78.25,157.7,18.6,SAFE,0,,Voie libre
78.30,158.0,18.3,SAFE,0,,Voie libre
78.35,158.2,18.6,SAFE,0,,Voie libre
78.40,158.5,18.2,SAFE,0,,Voie libre
78.45,158.8,18.6,SAFE,0,,Voie libre
78.50,159.0,18.3,SAFE,0,,Voie libre
78.55,159.3,18.6,SAFE,0,,Voie libre
78.60,159.5,18.2,SAFE,0,,Voie libre
78.65,159.8,18.6,SAFE,0,,Voie libre
78.70,160.0,18.3,SAFE,0,,Voie libre
78.75,160.3,18.6,SAFE,0,,Voie libre
78.80,160.5,18.2,SAFE,0,,Voie libre
78.85,160.8,18.6,SAFE,0,,Voie libre
78.90,161.1,18.3,SAFE,0,,Voie libre
78.95,161.3,18.6,SAFE,0,,Voie libre
79.00,161.6,18.2,SAFE,0,,Voie libre
79.05,161.8,18.6,SAFE,0,,Voie libre
79.10,162.1,18.3,SAFE,0,,Voie libre
79.15,162.3,18.6,SAFE,0,,Voie libre
79.20,162.6,18.2,SAFE,0,,Voie libre
79.25,162.8,18.6,SAFE,0,,Voie libre
79.30,163.1,18.3,SAFE,0,,Voie libre
79.35,163.4,18.6,SAFE,0,,Voie libre
79.40,163.6,18.2,SAFE,0,,Voie libre
79.45,163.9,18.6,SAFE,0,,Voie libre
79.50,164.1,18.3,SAFE,0,,Voie libre
79.55,164.4,18.6,SAFE,0,,Voie libre
79.60,164.6,18.2,SAFE,0,,Voie libre
79.65,164.9,18.6,SAFE,0,,Voie libre
79.70,165.1,18.3,SAFE,0,,Voie libre
79.75,165.4,18.6,SAFE,0,,Voie libre
79.80,165.7,18.2,SAFE,0,,Voie libre
79.85,165.9,18.6,SAFE,0,,Voie libre
79.90,166.2,18.3,SAFE,0,,Voie libre
79.95,166.4,18.6,SAFE,0,,Voie libre
80.00,166.7,18.2,SAFE,0,,Voie libre
80.05,166.9,18.6,SAFE,0,,Voie libre
80.10,167.2,18.3,SAFE,0,,Voie libre
80.15,167.5,18.6,SAFE,0,,Voie libre
80.20,167.7,18.2,SAFE,0,,Voie libre
80.25,168.0,18.6,SAFE,0,,Voie libre
80.30,168.2,18.3,SAFE,0,,Voie libre
80.35,168.5,18.6,SAFE,0,,Voie libre
80.40,168.7,18.2,SAFE,0,,Voie libre
80.45,169.0,18.6,SAFE,0,,Voie libre
80.50,169.2,18.3,SAFE,0,,Voie libre
80.55,169.5,18.6,SAFE,0,,Voie libre
80.60,169.8,18.2,SAFE,0,,Voie libre
80.65,170.0,18.6,SAFE,0,,Voie libre
80.70,170.3,18.3,SAFE,0,,Voie libre
80.75,170.5,18.6,SAFE,0,,Voie libre
80.80,170.8,18.2,SAFE,0,,Voie libre
80.85,171.0,18.6,SAFE,0,,Voie libre
80.90,171.3,18.3,SAFE,0,,Voie libre
80.95,171.5,18.6,SAFE,0,,Voie libre
81.00,171.8,18.2,SAFE,0,,Voie libre
81.05,172.1,18.6,SAFE,0,,Voie libre
81.10,172.3,18.3,SAFE,0,,Voie libre
81.15,172.6,18.6,SAFE,0,,Voie libre
81.20,172.8,18.2,SAFE,0,,Voie libre
81.25,173.1,18.6,SAFE,0,,Voie libre
81.30,173.3,18.3,SAFE,0,,Voie libre
81.35,173.6,18.6,SAFE,0,,Voie libre
81.40,173.8,18.2,SAFE,0,,Voie libre
81.45,174.1,18.6,SAFE,0,,Voie libre
81.50,174.4,18.3,SAFE,0,,Voie libre
81.55,174.6,18.6,SAFE,0,,Voie libre
81.60,174.9,18.2,SAFE,0,,Voie libre
81.65,175.1,18.6,SAFE,0,,Voie libre
81.70,175.4,18.3,SAFE,0,,Voie libre
81.75,175.6,18.6,SAFE,0,,Voie libre
81.80,175.9,18.2,SAFE,0,,Voie libre
81.85,176.1,18.6,SAFE,0,,Voie libre
81.90,176.4,18.3,SAFE,0,,Voie libre
81.95,176.7,18.6,SAFE,0,,Voie libre
82.00,176.9,18.2,SAFE,0,,Voie libre
82.05,177.2,18.6,SAFE,0,,Voie libre
82.10,177.4,18.3,SAFE,0,,Voie libre
82.15,177.7,18.6,SAFE,0,,Voie libre
82.20,177.9,18.2,SAFE,0,,Voie libre
82.25,178.2,18.6,SAFE,0,,Voie libre
82.30,178.4,18.3,SAFE,0,,Voie libre
82.35,178.7,18.6,SAFE,0,,Voie libre
82.40,179.0,18.2,SAFE,0,,Voie libre
82.45,179.2,18.6,SAFE,0,,Voie libre
82.50,179.5,18.3,SAFE,0,,Voie libre
82.55,179.7,18.6,SAFE,0,,Voie libre
82.60,180.0,18.2,SAFE,0,,Voie libre
82.65,180.2,18.6,SAFE,0,,Voie libre
82.70,180.5,18.3,SAFE,0,,Voie libre
82.75,180.7,18.6,SAFE,0,,Voie libre
82.80,181.0,18.2,SAFE,0,,Voie libre
82.85,181.3,18.6,SAFE,0,,Voie libre
82.90,181.5,18.3,SAFE,0,,Voie libre
82.95,181.8,18.6,SAFE,0,,Voie libre
83.00,182.0,18.2,SAFE,0,,Voie libre
83.05,182.3,18.6,SAFE,0,,Voie libre
83.10,182.5,18.3,SAFE,0,,Voie libre
83.15,182.8,18.6,SAFE,0,,Voie libre
83.20,183.1,18.2,SAFE,0,,Voie libre
83.25,183.3,18.6,SAFE,0,,Voie libre
83.30,183.6,18.3,SAFE,0,,Voie libre
83.35,183.8,18.6,SAFE,0,,Voie libre
83.40,184.1,18.2,SAFE,0,,Voie libre
83.45,184.3,18.6,SAFE,0,,Voie libre
83.50,184.6,18.3,SAFE,0,,Voie libre
83.55,184.8,18.6,SAFE,0,,Voie libre
83.60,185.1,18.2,SAFE,0,,Voie libre
83.65,185.4,18.6,SAFE,0,,Voie libre
83.70,185.6,18.3,SAFE,0,,Voie libre
83.75,185.9,18.6,SAFE,0,,Voie libre
83.80,186.1,18.2,SAFE,0,,Voie libre
83.85,186.4,18.6,SAFE,0,,Voie libre
83.90,186.6,18.3,SAFE,0,,Voie libre
83.95,186.9,18.6,SAFE,0,,Voie libre
84.00,187.1,18.2,SAFE,0,,Voie libre
84.05,187.4,18.6,SAFE,0,,Voie libre
84.10,187.7,18.3,SAFE,0,,Voie libre
84.15,187.9,18.6,SAFE,0,,Voie libre
84.20,188.2,18.2,SAFE,0,,Voie libre
84.25,188.4,18.6,SAFE,0,,Voie libre
84.30,188.7,18.3,SAFE,0,,Voie libre
84.35,188.9,18.6,SAFE,0,,Voie libre
84.40,189.2,18.2,SAFE,0,,Voie libre
84.45,189.4,18.6,SAFE,0,,Voie libre
84.50,189.7,18.3,SAFE,0,,Voie libre
84.55,190.0,18.6,SAFE,0,,Voie libre
84.60,190.2,18.2,SAFE,0,,Voie libre
84.65,190.5,18.6,SAFE,0,,Voie libre
84.70,190.7,18.3,SAFE,0,,Voie libre
84.75,191.0,18.6,SAFE,0,,Voie libre
84.80,191.2,18.2,SAFE,0,,Voie libre
84.85,191.5,18.6,SAFE,0,,Voie libre
84.90,191.7,18.3,SAFE,0,,Voie libre
84.95,192.0,18.6,SAFE,0,,Voie libre
85.00,192.3,18.2,SAFE,0,,Voie libre
85.05,192.5,18.6,SAFE,0,,Voie libre
85.10,192.8,18.3,SAFE,0,,Voie libre
85.15,193.0,18.6,SAFE,0,,Voie libre
85.20,193.3,18.2,SAFE,0,,Voie libre
85.25,193.5,18.6,SAFE,0,,Voie libre
85.30,193.8,18.3,SAFE,0,,Voie libre
85.35,194.0,18.6,SAFE,0,,Voie libre
85.40,194.3,18.2,SAFE,0,,Voie libre
85.45,194.6,18.6,SAFE,0,,Voie libre
85.50,194.8,18.3,SAFE,0,,Voie libre
85.55,195.1,18.6,SAFE,0,,Voie libre
85.60,195.3,18.2,SAFE,0,,Voie libre
85.65,195.6,18.6,SAFE,0,,Voie libre
85.70,195.8,18.3,SAFE,0,,Voie libre
85.75,196.1,18.6,SAFE,0,,Voie libre
85.80,196.3,18.2,SAFE,0,,Voie libre
85.85,196.6,18.6,SAFE,0,,Voie libre
85.90,196.9,18.3,SAFE,0,,Voie libre
85.95,197.1,18.6,SAFE,0,,Voie libre
86.00,197.4,18.2,SAFE,0,,Voie libre
86.05,197.6,18.6,SAFE,0,,Voie libre
86.10,197.9,18.3,SAFE,0,,Voie libre
86.15,198.1,18.6,SAFE,0,,Voie libre
86.20,198.4,18.2,SAFE,0,,Voie libre
86.25,198.6,18.6,SAFE,0,,Voie libre
86.30,198.9,18.3,SAFE,0,,Voie libre
86.35,199.2,18.6,SAFE,0,,Voie libre
86.40,199.4,18.2,SAFE,0,,Voie libre
86.45,199.7,18.6,SAFE,0,,Voie libre
86.50,199.9,18.3,SAFE,0,,Voie libre
86.55,200.2,18.6,SAFE,0,,Voie libre
86.60,200.4,18.2,SAFE,0,,Voie libre
86.65,200.7,18.6,SAFE,0,,Voie libre
86.70,200.9,18.3,SAFE,0,,Voie libre
86.75,201.2,18.6,SAFE,0,,Voie libre
86.80,201.5,18.2,SAFE,0,,Voie libre
86.85,201.7,18.6,SAFE,0,,Voie libre
86.90,202.0,18.3,SAFE,0,,Voie libre
86.95,202.2,18.6,SAFE,0,,Voie libre
87.00,202.5,18.2,SAFE,0,,Voie libre
87.05,202.7,18.6,SAFE,0,,Voie libre
87.10,203.0,18.3,SAFE,0,,Voie libre
87.15,203.3,18.6,SAFE,0,,Voie libre
87.20,203.5,18.2,SAFE,0,,Voie libre
87.25,203.8,18.6,SAFE,0,,Voie libre
87.30,204.0,18.3,SAFE,0,,Voie libre
87.35,204.3,18.6,SAFE,0,,Voie libre
87.40,204.5,18.2,SAFE,0,,Voie libre
87.45,204.8,18.6,SAFE,0,,Voie libre
87.50,205.0,18.3,SAFE,0,,Voie libre
87.55,205.3,18.6,SAFE,0,,Voie libre
87.60,205.6,18.2,SAFE,0,,Voie libre
87.65,205.8,18.6,SAFE,0,,Voie libre
87.70,206.1,18.3,SAFE,0,,Voie libre
87.75,206.3,18.6,SAFE,0,,Voie libre
87.80,206.6,18.2,SAFE,0,,Voie libre
87.85,206.8,18.6,SAFE,0,,Voie libre
87.90,207.1,18.3,SAFE,0,,Voie libre
87.95,207.3,18.6,SAFE,0,,Voie libre
88.00,207.6,18.2,SAFE,0,,Voie libre
88.05,207.9,18.6,SAFE,0,,Voie libre
88.10,208.1,18.3,SAFE,0,,Voie libre
88.15,208.4,18.6,SAFE,0,,Voie libre
88.20,208.6,18.2,SAFE,0,,Voie libre
88.25,208.9,18.6,SAFE,0,,Voie libre
88.30,209.1,18.3,SAFE,0,,Voie libre
88.35,209.4,18.6,SAFE,0,,Voie libre
88.40,209.6,18.2,SAFE,0,,Voie libre
88.45,209.9,18.6,SAFE,0,,Voie libre
88.50,210.2,18.3,SAFE,0,,Voie libre
88.55,210.4,18.6,SAFE,0,,Voie libre
88.60,210.7,18.2,SAFE,0,,Voie libre
88.65,210.9,18.6,SAFE,0,,Voie libre
88.70,211.2,18.3,SAFE,0,,Voie libre
88.75,211.4,18.6,SAFE,0,,Voie libre
88.80,211.7,18.2,SAFE,0,,Voie libre
88.85,211.9,18.6,SAFE,0,,Voie libre
88.90,212.2,18.3,SAFE,0,,Voie libre
88.95,212.5,18.6,SAFE,0,,Voie libre
89.00,212.7,18.2,SAFE,0,,Voie libre
89.05,213.0,18.6,SAFE,0,,Voie libre
89.10,213.2,18.3,SAFE,0,,Voie libre
89.15,213.5,18.6,SAFE,0,,Voie libre
89.20,213.7,18.2,SAFE,0,,Voie libre
89.25,214.0,18.6,SAFE,0,,Voie libre
89.30,214.2,18.3,SAFE,0,,Voie libre
89.35,214.5,18.6,SAFE,0,,Voie libre
89.40,214.8,18.2,SAFE,0,,Voie libre
89.45,215.0,18.6,SAFE,0,,Voie libre
89.50,215.3,18.3,SAFE,0,,Voie libre
89.55,215.5,18.6,SAFE,0,,Voie libre
89.60,215.8,18.2,SAFE,0,,Voie libre
89.65,216.0,18.6,SAFE,0,,Voie libre
89.70,216.3,18.3,SAFE,0,,Voie libre
89.75,216.5,18.6,SAFE,0,,Voie libre
89.80,216.8,18.2,SAFE,0,,Voie libre
89.85,217.1,18.6,SAFE,0,,Voie libre
89.90,217.3,18.3,SAFE,0,,Voie libre
89.95,217.6,18.6,SAFE,0,,Voie libre
90.00,217.8,18.2,SAFE,0,,Voie libre
90.05,218.1,18.6,SAFE,0,,Voie libre
90.10,218.3,18.3,SAFE,0,,Voie libre
90.15,218.6,18.6,SAFE,0,,Voie libre
90.20,218.8,18.2,SAFE,0,,Voie libre
90.25,219.1,18.6,SAFE,0,,Voie libre
90.30,219.4,18.3,SAFE,0,,Voie libre
90.35,219.6,18.6,SAFE,0,,Voie libre
90.40,219.9,18.2,SAFE,0,,Voie libre
90.45,220.1,18.6,SAFE,0,,Voie libre
90.50,220.4,18.3,SAFE,0,,Voie libre
90.55,220.6,18.6,SAFE,0,,Voie libre
90.60,220.9,18.2,SAFE,0,,Voie libre
90.65,221.1,18.6,SAFE,0,,Voie libre
90.70,221.4,18.3,SAFE,0,,Voie libre
90.75,221.7,18.6,SAFE,0,,Voie libre
90.80,221.9,18.2,SAFE,0,,Voie libre
90.85,222.2,18.6,SAFE,0,,Voie libre
90.90,222.4,18.3,SAFE,0,,Voie libre
90.95,222.7,18.6,SAFE,0,,Voie libre
91.00,222.9,18.2,SAFE,0,,Voie libre
91.05,223.2,18.6,SAFE,0,,Voie libre
91.10,223.4,18.3,SAFE,0,,Voie libre
91.15,223.7,18.6,SAFE,0,,Voie libre
91.20,224.0,18.2,SAFE,0,,Voie libre
91.25,224.2,18.6,SAFE,0,,Voie libre
91.30,224.5,18.3,SAFE,0,,Voie libre
91.35,224.7,18.6,SAFE,0,,Voie libre
91.40,225.0,18.2,SAFE,0,,Voie libre
91.45,225.2,18.6,SAFE,0,,Voie libre
91.50,225.5,18.3,SAFE,0,,Voie libre
91.55,225.7,18.6,SAFE,0,,Voie libre
91.60,226.0,18.2,SAFE,0,,Voie libre
91.65,226.3,18.6,SAFE,0,,Voie libre
91.70,226.5,18.3,SAFE,0,,Voie libre
91.75,226.8,18.6,SAFE,0,,Voie libre
91.80,227.0,18.2,SAFE,0,,Voie libre
91.85,227.3,18.6,SAFE,0,,Voie libre
91.90,227.5,18.3,SAFE,0,,Voie libre
91.95,227.8,18.6,SAFE,0,,Voie libre
92.00,228.0,18.2,SAFE,0,,Voie libre
92.05,228.3,18.6,SAFE,0,,Voie libre
92.10,228.6,18.3,SAFE,0,,Voie libre
92.15,228.8,18.6,SAFE,0,,Voie libre
92.20,229.1,18.2,SAFE,0,,Voie libre
92.25,229.3,18.6,SAFE,0,,Voie libre
92.30,229.6,18.3,SAFE,0,,Voie libre
92.35,229.8,18.6,SAFE,0,,Voie libre
92.40,230.1,18.2,SAFE,0,,Voie libre
92.45,230.4,18.6,SAFE,0,,Voie libre
92.50,230.6,18.3,SAFE,0,,Voie libre
92.55,230.9,18.6,SAFE,0,,Voie libre
92.60,231.1,18.2,SAFE,0,,Voie libre
92.65,231.4,18.6,SAFE,0,,Voie libre
92.70,231.6,18.3,SAFE,0,,Voie libre
92.75,231.9,18.6,SAFE,0,,Voie libre
92.80,232.1,18.2,SAFE,0,,Voie libre
92.85,232.4,18.6,SAFE,0,,Voie libre
92.90,232.7,18.3,SAFE,0,,Voie libre
92.95,232.9,18.6,SAFE,0,,Voie libre
93.00,233.2,18.2,SAFE,0,,Voie libre
93.05,233.4,18.6,SAFE,0,,Voie libre
93.10,233.7,18.3,SAFE,0,,Voie libre
93.15,233.9,18.6,SAFE,0,,Voie libre
93.20,234.2,18.2,SAFE,0,,Voie libre
93.25,234.4,18.6,SAFE,0,,Voie libre
93.30,234.7,18.3,SAFE,0,,Voie libre
93.35,235.0,18.6,SAFE,0,,Voie libre
93.40,235.2,18.2,SAFE,0,,Voie libre
93.45,235.5,18.6,SAFE,0,,Voie libre
93.50,235.7,18.3,SAFE,0,,Voie libre
93.55,236.0,18.6,SAFE,0,,Voie libre
93.60,236.2,18.2,SAFE,0,,Voie libre
93.65,236.5,18.6,SAFE,0,,Voie libre
93.70,236.7,18.3,SAFE,0,,Voie libre
93.75,237.0,18.6,SAFE,0,,Voie libre
93.80,237.3,18.2,SAFE,0,,Voie libre
93.85,237.5,18.6,SAFE,0,,Voie libre
93.90,237.8,18.3,SAFE,0,,Voie libre
93.95,238.0,18.6,SAFE,0,,Voie libre
94.00,238.3,18.2,SAFE,0,,Voie libre
94.05,238.5,18.6,SAFE,0,,Voie libre
94.10,238.8,18.3,SAFE,0,,Voie libre
94.15,239.0,18.6,SAFE,0,,Voie libre
94.20,239.3,18.2,SAFE,0,,Voie libre
94.25,239.6,18.6,SAFE,0,,Voie libre
94.30,239.8,18.3,SAFE,0,,Voie libre
94.35,240.1,18.6,SAFE,0,,Voie libre
94.40,240.3,18.2,SAFE,0,,Voie libre
94.45,240.6,18.6,SAFE,0,,Voie libre
94.50,240.8,18.3,SAFE,0,,Voie libre
94.55,241.1,18.6,SAFE,1,,Situation maîtrisée
94.60,241.3,18.2,SAFE,1,,Situation maîtrisée
94.65,241.6,18.6,SAFE,1,,Situation maîtrisée
94.70,241.9,18.3,SAFE,1,,Situation maîtrisée
94.75,242.1,18.6,SAFE,1,,Situation maîtrisée
94.80,242.4,18.2,SAFE,1,,Situation maîtrisée
94.85,242.6,18.6,SAFE,1,,Situation maîtrisée
94.90,242.9,18.3,SAFE,1,,Situation maîtrisée
94.95,243.1,18.6,SAFE,1,,Situation maîtrisée
95.00,243.4,18.2,SAFE,0,,Voie libre
95.05,243.6,18.6,SAFE,0,,Voie libre
95.10,243.9,18.3,SAFE,0,,Voie libre
95.15,244.2,18.6,SAFE,0,,Voie libre
95.20,244.4,18.2,SAFE,0,,Voie libre
95.25,244.7,18.6,SAFE,0,,Voie libre
95.30,244.9,18.3,SAFE,1,,Situation maîtrisée
95.35,245.2,18.6,SAFE,1,,Situation maîtrisée
95.40,245.4,18.2,SAFE,1,,Situation maîtrisée
95.45,245.7,18.6,SAFE,1,,Situation maîtrisée
95.50,245.9,18.3,SAFE,1,,Situation maîtrisée
95.55,246.2,18.6,SAFE,1,,Situation maîtrisée
95.60,246.5,18.2,SAFE,1,,Situation maîtrisée
95.65,246.7,18.6,SAFE,1,,Situation maîtrisée
95.70,247.0,18.3,SAFE,1,,Situation maîtrisée
95.75,247.2,18.6,SAFE,0,,Voie libre
95.80,247.5,18.2,SAFE,0,,Voie libre
95.85,247.7,18.6,SAFE,0,,Voie libre
95.90,248.0,18.3,SAFE,0,,Voie libre
95.95,248.2,18.6,SAFE,0,,Voie libre
96.00,248.5,18.2,SAFE,0,,Voie libre
96.05,248.8,18.6,SAFE,0,,Voie libre
96.10,249.0,18.3,SAFE,1,,Situation maîtrisée
96.15,249.3,18.6,SAFE,1,,Situation maîtrisée
96.20,249.5,18.2,SAFE,1,,Situation maîtrisée
96.25,249.8,18.6,SAFE,1,,Situation maîtrisée
96.30,250.0,18.3,SAFE,1,,Situation maîtrisée
96.35,250.3,18.6,SAFE,1,,Situation maîtrisée
96.40,250.5,18.2,SAFE,1,,Situation maîtrisée
96.45,250.8,18.6,SAFE,1,,Situation maîtrisée
96.50,251.1,18.3,SAFE,1,,Situation maîtrisée
96.55,251.3,18.6,SAFE,0,,Voie libre
96.60,251.6,18.2,SAFE,0,,Voie libre
96.65,251.8,18.6,SAFE,0,,Voie libre
96.70,252.1,18.3,SAFE,0,,Voie libre
96.75,252.3,18.6,SAFE,0,,Voie libre
96.80,252.6,18.2,SAFE,0,,Voie libre
96.85,252.8,18.6,SAFE,1,,Situation maîtrisée
96.90,253.1,18.2,SAFE,1,,Situation maîtrisée
96.95,253.4,18.3,SAFE,1,,Situation maîtrisée
97.00,253.6,16.7,SAFE,1,,Situation maîtrisée
97.05,253.8,15.4,SAFE,1,,Situation maîtrisée
97.10,254.0,14.1,SAFE,1,,Situation maîtrisée
97.15,254.2,12.6,SAFE,1,,Situation maîtrisée
97.20,254.4,11.3,SAFE,1,,Situation maîtrisée
97.25,254.5,9.8,SAFE,1,,Situation maîtrisée
97.30,254.6,8.4,SAFE,1,,Situation maîtrisée
97.35,254.7,6.9,SAFE,1,,Situation maîtrisée
97.40,254.8,5.6,SAFE,1,,Situation maîtrisée
97.45,254.9,1.6,SAFE,1,,Situation maîtrisée
97.50,254.9,0.0,SAFE,1,,Situation maîtrisée
97.55,254.9,0.0,SAFE,1,,Situation maîtrisée
97.60,254.9,0.0,SAFE,1,,Situation maîtrisée
97.65,254.9,0.0,SAFE,1,,Situation maîtrisée
97.70,254.9,0.0,SAFE,1,,Situation maîtrisée
97.75,254.9,0.0,SAFE,1,,Situation maîtrisée
97.80,254.9,0.0,SAFE,1,,Situation maîtrisée
97.85,254.9,0.0,SAFE,1,,Situation maîtrisée
97.90,254.9,0.0,SAFE,1,,Situation maîtrisée
97.95,254.9,0.0,SAFE,1,,Situation maîtrisée
98.00,254.9,0.0,SAFE,1,,Situation maîtrisée
98.05,254.9,0.0,SAFE,1,,Situation maîtrisée
98.10,254.9,0.0,SAFE,1,,Situation maîtrisée
98.15,254.9,0.0,SAFE,1,,Situation maîtrisée
98.20,254.9,0.0,SAFE,1,,Situation maîtrisée
98.25,254.9,0.0,SAFE,1,,Situation maîtrisée
98.30,254.9,0.0,SAFE,1,,Situation maîtrisée
98.35,254.9,0.0,SAFE,1,,Situation maîtrisée
98.40,254.9,0.0,SAFE,1,,Situation maîtrisée
98.45,254.9,0.0,SAFE,1,,Situation maîtrisée
98.50,254.9,0.0,SAFE,1,,Situation maîtrisée
98.55,254.9,0.0,SAFE,1,,Situation maîtrisée
98.60,254.9,0.0,SAFE,1,,Situation maîtrisée
98.65,254.9,0.0,SAFE,1,,Situation maîtrisée
98.70,254.9,0.0,SAFE,1,,Situation maîtrisée
98.75,254.9,0.0,SAFE,1,,Situation maîtrisée
98.80,254.9,0.2,SAFE,1,,Situation maîtrisée
98.85,254.9,0.0,SAFE,1,,Situation maîtrisée
98.90,254.9,0.1,SAFE,1,,Situation maîtrisée
98.95,254.9,0.0,SAFE,1,,Situation maîtrisée
99.00,254.9,0.0,SAFE,1,,Situation maîtrisée
99.05,254.9,0.0,SAFE,1,,Situation maîtrisée
99.10,254.9,0.0,SAFE,1,,Situation maîtrisée
99.15,254.9,0.0,SAFE,1,,Situation maîtrisée
99.20,254.9,0.0,SAFE,1,,Situation maîtrisée
99.25,254.9,0.0,SAFE,1,,Situation maîtrisée
99.30,254.9,0.0,SAFE,1,,Situation maîtrisée
99.35,254.9,0.0,SAFE,1,,Situation maîtrisée
99.40,254.9,0.0,SAFE,1,,Situation maîtrisée
99.45,254.9,0.0,SAFE,1,,Situation maîtrisée
99.50,254.9,0.0,SAFE,1,,Situation maîtrisée
99.55,254.9,0.0,SAFE,1,,Situation maîtrisée
99.60,254.9,0.0,SAFE,1,,Situation maîtrisée
99.65,254.9,0.0,SAFE,1,,Situation maîtrisée
99.70,254.9,0.0,SAFE,1,,Situation maîtrisée
99.75,254.9,0.0,SAFE,1,,Situation maîtrisée
99.80,254.9,0.2,SAFE,1,,Situation maîtrisée
99.85,254.9,0.0,SAFE,1,,Situation maîtrisée
99.90,254.9,0.1,SAFE,1,,Situation maîtrisée
99.95,254.9,0.0,SAFE,1,,Situation maîtrisée
100.00,254.9,0.0,SAFE,1,,Situation maîtrisée
100.05,254.9,0.0,SAFE,1,,Situation maîtrisée
100.10,254.9,0.0,SAFE,1,,Situation maîtrisée
100.15,254.9,0.0,SAFE,1,,Situation maîtrisée
100.20,254.9,0.0,SAFE,1,,Situation maîtrisée
100.25,254.9,0.0,SAFE,1,,Situation maîtrisée
100.30,254.9,0.0,SAFE,1,,Situation maîtrisée
100.35,254.9,0.0,SAFE,1,,Situation maîtrisée
100.40,254.9,0.0,SAFE,1,,Situation maîtrisée
100.45,254.9,0.0,SAFE,1,,Situation maîtrisée
100.50,254.9,0.0,SAFE,1,,Situation maîtrisée
100.55,254.9,0.0,SAFE,1,,Situation maîtrisée
100.60,254.9,0.0,SAFE,1,,Situation maîtrisée
100.65,254.9,0.0,SAFE,1,,Situation maîtrisée
100.70,254.9,0.0,SAFE,1,,Situation maîtrisée
100.75,254.9,0.0,SAFE,1,,Situation maîtrisée
100.80,254.9,0.2,SAFE,1,,Situation maîtrisée
100.85,254.9,0.0,SAFE,1,,Situation maîtrisée
100.90,254.9,0.1,SAFE,1,,Situation maîtrisée
100.95,254.9,0.0,SAFE,1,,Situation maîtrisée
101.00,254.9,0.0,SAFE,1,,Situation maîtrisée
101.05,254.9,0.0,SAFE,1,,Situation maîtrisée
101.10,254.9,0.0,SAFE,1,,Situation maîtrisée
101.15,254.9,0.2,SAFE,1,,Situation maîtrisée
101.20,254.9,0.0,SAFE,1,,Situation maîtrisée
101.25,254.9,0.1,SAFE,1,,Situation maîtrisée
101.30,254.9,0.0,SAFE,1,,Situation maîtrisée
101.35,254.9,0.0,SAFE,1,,Situation maîtrisée
101.40,254.9,0.0,SAFE,1,,Situation maîtrisée
101.45,254.9,0.0,SAFE,1,,Situation maîtrisée
101.50,254.9,0.2,SAFE,1,,Situation maîtrisée
101.55,254.9,0.0,SAFE,1,,Situation maîtrisée
101.60,254.9,0.1,SAFE,1,,Situation maîtrisée
101.65,254.9,0.0,SAFE,1,,Situation maîtrisée
101.70,254.9,0.0,SAFE,1,,Situation maîtrisée
101.75,254.9,0.0,SAFE,1,,Situation maîtrisée
101.80,254.9,0.0,SAFE,1,,Situation maîtrisée
101.85,254.9,0.0,SAFE,1,,Situation maîtrisée
101.90,254.9,0.0,SAFE,1,,Situation maîtrisée
101.95,254.9,0.0,SAFE,1,,Situation maîtrisée
102.00,254.9,0.0,SAFE,1,,Situation maîtrisée
102.05,254.9,0.0,SAFE,1,,Situation maîtrisée
102.10,254.9,0.2,SAFE,1,,Situation maîtrisée
102.15,254.9,0.0,SAFE,1,,Situation maîtrisée
102.20,254.9,0.1,SAFE,1,,Situation maîtrisée
102.25,254.9,0.0,SAFE,1,,Situation maîtrisée
102.30,254.9,0.0,SAFE,1,,Situation maîtrisée
102.35,254.9,0.0,SAFE,1,,Situation maîtrisée
102.40,254.9,0.0,SAFE,1,,Situation maîtrisée
102.45,254.9,0.2,SAFE,1,,Situation maîtrisée
102.50,254.9,0.0,SAFE,1,,Situation maîtrisée
102.55,254.9,0.1,SAFE,1,,Situation maîtrisée
102.60,254.9,0.0,SAFE,1,,Situation maîtrisée
102.65,254.9,0.0,SAFE,1,,Situation maîtrisée
102.70,254.9,0.0,SAFE,1,,Situation maîtrisée
102.75,254.9,0.2,SAFE,1,,Situation maîtrisée
102.80,254.9,0.0,SAFE,1,,Situation maîtrisée
102.85,254.9,0.1,SAFE,1,,Situation maîtrisée
102.90,254.9,0.0,SAFE,1,,Situation maîtrisée
102.95,254.9,0.0,SAFE,1,,Situation maîtrisée
103.00,254.9,0.0,SAFE,1,,Situation maîtrisée
103.05,254.9,0.0,SAFE,1,,Situation maîtrisée
103.10,254.9,0.2,SAFE,1,,Situation maîtrisée
103.15,254.9,0.0,SAFE,1,,Situation maîtrisée
103.20,254.9,0.1,SAFE,1,,Situation maîtrisée
103.25,254.9,0.0,SAFE,1,,Situation maîtrisée
103.30,254.9,0.0,SAFE,1,,Situation maîtrisée
103.35,254.9,0.0,SAFE,1,,Situation maîtrisée
103.40,254.9,0.0,SAFE,1,,Situation maîtrisée
103.45,254.9,0.0,SAFE,1,,Situation maîtrisée
103.50,254.9,0.2,SAFE,1,,Situation maîtrisée
103.55,254.9,0.0,SAFE,1,,Situation maîtrisée
103.60,254.9,0.1,SAFE,1,,Situation maîtrisée
103.65,254.9,0.0,SAFE,1,,Situation maîtrisée
103.70,254.9,0.0,SAFE,1,,Situation maîtrisée
103.75,254.9,0.0,SAFE,1,,Situation maîtrisée
